n,1,2,3,4,5,6,7,8,9,10,11,12,13,14,15,16,17,18,19,20,21,22,23,24,25,26,27,28,29,30,31,32,33,34,35,36,37,38,39,40,41,42,43,44,45,46,47,48,49,50,avg
50,1.6336281798666925,1.9477874452256718,1.6964600329384885,1.8849555921538759,1.9477874452256718,2.0106192982974678,1.7592918860102844,1.82212373908208,2.1362830044410597,2.3876104167282426,1.82212373908208,2.261946710584651,1.82212373908208,2.324778563656447,2.199114857512855,2.1362830044410597,1.6336281798666925,2.199114857512855,2.1362830044410597,2.0106192982974678,2.1362830044410597,1.82212373908208,2.0106192982974678,1.8849555921538759,2.324778563656447,1.9477874452256718,2.0106192982974678,2.0106192982974678,2.1362830044410597,1.5707963267948966,1.7592918860102844,2.5132741228718345,2.0734511513692637,1.8849555921538759,1.8849555921538759,2.324778563656447,1.9477874452256718,2.0106192982974678,2.0106192982974678,2.199114857512855,1.82212373908208,2.1362830044410597,1.82212373908208,2.1362830044410597,2.261946710584651,2.0734511513692637,2.0734511513692637,2.199114857512855,2.199114857512855,1.9477874452256718,2.018159120666083
100,2.199114857512855,1.790707812546182,2.0734511513692637,2.0734511513692637,2.0734511513692637,2.1362830044410597,1.9792033717615696,2.1362830044410597,1.9163715186897738,2.0106192982974678,2.0734511513692637,2.167698930976957,2.419026343264141,1.790707812546182,1.7592918860102844,1.82212373908208,1.790707812546182,1.8849555921538759,1.9163715186897738,2.0420352248333655,1.9163715186897738,2.199114857512855,2.261946710584651,2.0106192982974678,2.0734511513692637,2.1362830044410597,1.82212373908208,2.0734511513692637,2.1048670779051615,1.9163715186897738,1.853539665617978,1.6650441064025905,1.9163715186897738,1.8849555921538759,2.0106192982974678,2.0106192982974678,1.9792033717615696,1.8849555921538759,2.1362830044410597,2.230530784048753,2.0734511513692637,2.261946710584651,1.9792033717615696,2.1362830044410597,2.0106192982974678,1.9477874452256718,2.1362830044410597,2.1048670779051615,1.9477874452256718,2.0420352248333655,2.0156458465432117
150,2.0106192982974678,2.0734511513692637,1.9896753472735356,2.0106192982974678,1.8849555921538759,1.9896753472735356,1.9896753472735356,2.0525072003453313,2.0106192982974678,2.0525072003453313,1.9896753472735356,2.0315632493213993,1.8849555921538759,2.0315632493213993,2.1362830044410597,1.9896753472735356,1.9268434942017396,2.0525072003453313,2.0106192982974678,1.9477874452256718,2.0525072003453313,1.8849555921538759,1.9896753472735356,2.0106192982974678,1.780235837034216,2.157226955464991,2.0525072003453313,1.9477874452256718,1.9058995431778079,2.0734511513692637,2.0943951023931953,2.0734511513692637,2.0525072003453313,2.1362830044410597,2.199114857512855,1.780235837034216,2.157226955464991,1.9268434942017396,2.1362830044410597,1.9477874452256718,1.82212373908208,1.9896753472735356,2.0525072003453313,2.0315632493213993,2.0106192982974678,2.0734511513692637,2.0315632493213993,2.157226955464991,2.1362830044410597,1.780235837034216,2.0102004192769884
200,2.0734511513692637,1.9634954084936207,2.0106192982974678,2.0420352248333655,1.9634954084936207,1.9634954084936207,2.1205750411731104,2.0106192982974678,2.0106192982974678,2.167698930976957,2.183406894244906,2.1362830044410597,2.0420352248333655,1.9949113350295187,1.9792033717615696,2.1048670779051615,2.0577431881013144,2.0263272615654166,1.9006635554218247,2.1519909677090086,2.261946710584651,1.9949113350295187,1.7749998492782328,1.9163715186897738,2.0577431881013144,2.1048670779051615,2.0263272615654166,1.9006635554218247,2.1048670779051615,2.1519909677090086,1.9477874452256718,2.1362830044410597,1.9634954084936207,1.8692476288859268,1.9949113350295187,1.9949113350295187,2.1048670779051615,1.9949113350295187,1.9477874452256718,1.853539665617978,1.7749998492782328,1.9477874452256718,2.0106192982974678,2.0734511513692637,1.853539665617978,2.0106192982974678,2.1048670779051615,1.9163715186897738,2.1519909677090086,2.0263272615654166,2.017530802135365
250,2.098583892597982,2.0231856689118266,1.9980529276831085,1.9352210746113125,2.0231856689118266,2.1237166338267004,2.1739821162841366,2.1362830044410597,1.9352210746113125,2.0231856689118266,2.111150263212341,1.9603538158400309,1.9477874452256718,1.82212373908208,1.9352210746113125,1.9352210746113125,1.9352210746113125,2.0608847807549044,1.9854865570687492,2.048318410140545,1.9980529276831085,2.048318410140545,1.7718582566246432,2.098583892597982,1.9603538158400309,2.0734511513692637,1.9603538158400309,2.0734511513692637,2.048318410140545,1.9226547039969533,2.0734511513692637,2.0734511513692637,1.897521962768235,1.8095573684677206,1.9477874452256718,1.8723892215395166,2.0860175219836226,2.0608847807549044,1.8472564803107983,2.1614157456697773,1.9477874452256718,1.8849555921538759,2.048318410140545,1.8598228509251575,1.9980529276831085,2.1237166338267004,1.9226547039969533,2.098583892597982,1.9854865570687492,2.1237166338267004,1.9998122195691186
300,2.0315632493213993,1.9896753472735356,2.0106192982974678,1.9896753472735356,1.9058995431778079,2.0210912738094335,2.0210912738094335,1.9687313962496038,2.0001473227855016,2.1153390534171272,1.864011641129944,2.0420352248333655,1.8849555921538759,1.853539665617978,2.0839231268812295,1.9163715186897738,1.9582594207376376,2.0106192982974678,2.0210912738094335,2.0525072003453313,2.1048670779051615,2.0525072003453313,1.9582594207376376,2.0001473227855016,1.9058995431778079,1.9163715186897738,2.0839231268812295,2.0629791758572975,1.9373154697137058,1.9058995431778079,2.0315632493213993,1.9477874452256718,2.0420352248333655,2.1048670779051615,1.9792033717615696,1.9477874452256718,1.9792033717615696,2.1048670779051615,1.9896753472735356,2.1048670779051615,2.0420352248333655,1.9582594207376376,2.0315632493213993,1.9373154697137058,1.9477874452256718,2.0734511513692637,1.7278759594743864,2.0525072003453313,1.8744836166419099,2.0106192982974678,1.991141423845211
350,2.118331046420546,1.7951958020513104,1.9567634242359284,1.9926673402769544,1.9477874452256718,1.902907550174389,1.840075697102593,2.0824271303795197,1.983691361266698,1.9926673402769544,1.9477874452256718,2.1542349624615724,2.1452589834513156,1.938811466215415,2.0914031093897765,2.0734511513692637,1.858027655123106,1.867003634133363,1.938811466215415,2.0824271303795197,1.8939315711641325,1.938811466215415,2.05549919334875,1.9567634242359284,2.0465232143384937,1.9926673402769544,1.858027655123106,1.8849555921538759,1.9118835291846454,1.7503159070000276,2.019595277307724,2.0465232143384937,1.9118835291846454,2.0914031093897765,1.938811466215415,2.0734511513692637,1.8939315711641325,1.9567634242359284,2.1542349624615724,2.001643319287211,2.0285712563179805,1.9567634242359284,1.8849555921538759,2.019595277307724,2.0734511513692637,2.0734511513692637,2.0824271303795197,2.0734511513692637,1.867003634133363,1.9926673402769544,1.9827937633656725
400,2.002765316663493,2.002765316663493,2.1048670779051615,2.0813051330032377,2.034181243199391,1.9634954084936207,2.0184732799314418,1.9085175370557994,1.9242255003237485,2.1205750411731104,2.0891591146372126,2.1048670779051615,1.9242255003237485,1.9399334635916974,2.1912608758788807,2.002765316663493,1.8771016105199014,2.034181243199391,1.8849555921538759,2.034181243199391,2.1519909677090086,1.8613936472519526,2.0734511513692637,2.128429022807085,2.0184732799314418,2.2069688391468296,2.002765316663493,2.2226768024147785,2.0106192982974678,1.9556414268596465,1.9556414268596465,1.987057353395544,1.9634954084936207,1.9399334635916974,1.9949113350295187,1.971349390127595,2.1598449493429825,1.8692476288859268,2.002765316663493,2.0106192982974678,1.9556414268596465,2.1362830044410597,2.0263272615654166,2.04988920646734,1.9792033717615696,1.9320794819577227,1.9242255003237485,2.0106192982974678,2.0106192982974678,1.9792033717615696,2.0147033687471345
450,2.0594885173533086,1.9547687622336491,1.996656664281513,1.9198621771937625,1.933824811209717,1.933824811209717,1.9617500792416265,2.017600615305445,2.0525072003453313,1.8500490071139892,1.864011641129944,2.0106192982974678,2.0385445663293766,2.0525072003453313,2.045525883337354,2.080432468377241,2.0385445663293766,1.8081611050661255,1.9477874452256718,2.129301687433082,1.9198621771937625,1.9896753472735356,2.0385445663293766,1.9757127132575811,1.9408061282176943,2.0036379812894904,2.0036379812894904,2.0106192982974678,1.996656664281513,1.9477874452256718,2.1013764194011726,1.9687313962496038,2.1642082724729685,1.9408061282176943,1.9198621771937625,2.1642082724729685,2.0734511513692637,2.080432468377241,1.8919369091618532,1.9128808601857852,2.178170906488923,2.0106192982974678,2.0525072003453313,2.10835773640915,1.864011641129944,1.8570303241219668,2.0036379812894904,1.9547687622336491,2.0664698343612864,1.9128808601857852,1.9949811481995983
500,1.9415042599184922,1.9226547039969533,2.004336112990288,2.0106192982974678,1.9603538158400309,1.897521962768235,1.9603538158400309,1.9477874452256718,2.0169024836046474,2.0294688542190062,1.9603538158400309,1.9792033717615696,1.9477874452256718,1.897521962768235,1.9854865570687492,2.048318410140545,1.9352210746113125,1.9603538158400309,1.9163715186897738,2.0860175219836226,1.9854865570687492,1.9792033717615696,1.9603538158400309,2.067167966062084,2.054601595447725,1.9917697423759289,2.0860175219836226,2.0860175219836226,2.0231856689118266,1.897521962768235,1.928937889304133,2.004336112990288,1.9854865570687492,1.9917697423759289,1.8912387774610553,2.1237166338267004,2.1048670779051615,1.9854865570687492,2.0169024836046474,2.067167966062084,1.8849555921538759,1.9540706305328512,2.1048670779051615,2.035752039526186,2.0106192982974678,1.8786724068466962,1.8472564803107983,1.9540706305328512,1.9226547039969533,1.9603538158400309,1.9838529288888826
550,2.004907311654577,1.8792436055109851,2.090587111297935,1.9249394986541095,1.9649234051543434,2.0734511513692637,1.8849555921538759,1.9991953250116865,2.113435057869497,2.119147044512388,1.9763473784401246,1.9249394986541095,1.9477874452256718,2.124859031155278,1.9020915520825474,2.0277552582261396,1.9078035387254382,1.9763473784401246,1.9192275120112192,2.0734511513692637,2.022043271583249,1.970635391797234,1.9135155253683287,2.004907311654577,2.0334672448690294,2.050603204797701,1.993483338368796,1.9135155253683287,1.9763473784401246,1.9991953250116865,2.022043271583249,2.079163138012154,1.9820593650830147,2.056315191440592,1.942075458582781,1.9763473784401246,2.044891218154811,1.942075458582781,2.022043271583249,1.930651485297,2.03917923151192,2.0334672448690294,2.0962990979408254,2.0277552582261396,2.044891218154811,1.9135155253683287,2.079163138012154,1.8792436055109851,2.050603204797701,2.090587111297935,1.999309564744544
600,2.0106192982974678,1.9792033717615696,2.157226955464991,2.0315632493213993,2.178170906488923,1.9687313962496038,2.0001473227855016,2.0001473227855016,2.0263272615654166,2.0315632493213993,1.953023432981655,2.0263272615654166,1.9058995431778079,2.1153390534171272,2.0263272615654166,2.0106192982974678,2.178170906488923,2.0420352248333655,1.9792033717615696,1.9844393595175527,2.0996310901491784,1.9268434942017396,1.9687313962496038,2.0420352248333655,1.9792033717615696,2.0420352248333655,2.0210912738094335,1.9739673840055865,2.0315632493213993,2.0367992370773824,2.015855286053451,1.9739673840055865,1.9792033717615696,1.921607506445757,1.9687313962496038,1.9739673840055865,2.0839231268812295,2.015855286053451,2.0682151636132806,1.921607506445757,1.9163715186897738,2.047271212589348,2.0001473227855016,2.0001473227855016,1.9006635554218247,2.0106192982974678,2.0682151636132806,2.1205750411731104,1.9896753472735356,2.0943951023931953,2.0159600058085703
650,2.000952859363345,1.9671203230939167,1.9622871036268552,1.9332877868244882,1.9187881284233044,2.083117590303386,1.8994552505550597,2.0106192982974678,1.9912864204292227,1.9671203230939167,2.039618615099835,1.9816199814951,2.0106192982974678,1.8946220310879982,1.9139549089562433,2.015452517764529,1.9671203230939167,2.015452517764529,2.063784712435141,2.0202857372315903,1.9719535425609778,2.0106192982974678,2.000952859363345,1.8704559337526923,1.9864532009621616,2.0057860788304063,1.9381210062915493,2.0057860788304063,1.9574538841597942,2.1411162239081207,2.063784712435141,1.9864532009621616,1.9671203230939167,2.0589514929680797,1.9622871036268552,1.9477874452256718,2.1169501265728146,1.8897888116209371,1.9477874452256718,2.0251189566986514,2.0299521761657124,2.0347853956327735,2.087950809770447,1.976786762028039,1.9671203230939167,1.9864532009621616,2.0589514929680797,1.9429542257586108,2.0057860788304063,1.9719535425609778,1.9914797492079055
700,1.970227392751313,2.006131308792339,2.0465232143384937,1.9657394032461848,2.068963161864135,2.064475172359007,2.0240832668128523,2.077939140874392,1.9522754347308,2.015107287802596,1.9477874452256718,2.0106192982974678,1.9926673402769544,2.015107287802596,1.9118835291846454,1.9792033717615696,2.0285712563179805,2.0106192982974678,1.970227392751313,2.1228190359256747,2.006131308792339,2.0734511513692637,2.015107287802596,2.0106192982974678,2.033059245823109,2.0420352248333655,2.0375472353282373,2.019595277307724,1.9792033717615696,1.8939315711641325,1.983691361266698,2.0285712563179805,1.9253474977000304,2.068963161864135,2.0734511513692637,1.920859508194902,2.033059245823109,1.9522754347308,2.0285712563179805,1.8310997180923365,1.920859508194902,2.0869151198846483,1.9971553297820825,2.0106192982974678,2.006131308792339,2.127307025430803,2.0420352248333655,1.9792033717615696,1.9253474977000304,1.8759796131436195,2.002181878027826
750,1.9854865570687492,1.9980529276831085,2.0441296199357586,1.9854865570687492,2.0022417178878946,2.0441296199357586,2.027374459116613,2.056695990550118,2.098583892597982,2.014808088502254,1.9184659137921671,2.0022417178878946,2.014808088502254,1.9142771235873803,2.035752039526186,2.0022417178878946,2.0189968787070405,1.9435986550208855,2.0189968787070405,2.0231856689118266,2.0315632493213993,1.951976235430458,2.006430508092681,2.0399408297309725,1.9687313962496038,1.9352210746113125,2.006430508092681,2.006430508092681,2.0441296199357586,2.0399408297309725,2.0943951023931953,1.981297766863963,1.9310322844065262,1.9938641374783221,2.0650735709596906,2.0231856689118266,2.027374459116613,1.9938641374783221,2.027374459116613,2.0315632493213993,2.014808088502254,1.9435986550208855,2.056695990550118,1.8263125292868665,2.07763994157405,2.0860175219836226,2.0022417178878946,1.9100883333825942,2.035752039526186,2.0189968787070405,2.006430508092681
800,1.9163715186897738,2.0106192982974678,1.987057353395544,2.0184732799314418,1.987057353395544,1.998838325846506,1.9831303625785568,1.9320794819577227,2.0381082340163785,2.0263272615654166,1.967422399310608,1.987057353395544,1.9949113350295187,2.1087940687221485,2.0184732799314418,2.0106192982974678,2.045962215650353,2.0066923074804803,2.034181243199391,2.116648050356123,2.0538161972843274,1.998838325846506,2.065597169735289,2.0538161972843274,2.0224002707484297,2.0263272615654166,2.0263272615654166,1.9831303625785568,2.069524160552276,2.0302542523824036,1.9085175370557994,1.9399334635916974,2.04988920646734,1.9831303625785568,2.0145462891144548,2.065597169735289,1.8613936472519526,2.0145462891144548,2.0224002707484297,2.0773781421862507,1.971349390127595,2.045962215650353,2.034181243199391,1.998838325846506,2.0734511513692637,2.034181243199391,1.9242255003237485,2.1087940687221485,1.9831303625785568,2.1362830044410597,2.015331687277852
850,2.0032273155831386,1.9625714106543297,1.9625714106543297,2.006923306940303,2.0106192982974678,1.9921393415116453,1.9662674020114939,2.043883220511948,2.014315289654632,2.0032273155831386,1.918219514368356,2.021707272368961,1.9773553760829874,1.9921393415116453,1.9551794279400005,1.9145235230111914,2.006923306940303,1.9071315402968627,2.02909925508329,2.0180112810117965,1.9921393415116453,1.9995313242259742,1.981051367440152,2.0364912377976188,1.8738676180823823,1.9662674020114939,2.117803047655237,1.925611497082685,2.0364912377976188,2.0549711945834415,2.0254032637261252,1.9588754192971651,1.9995313242259742,1.9625714106543297,2.0549711945834415,2.02909925508329,1.9847473587973161,1.9699633933686584,1.9071315402968627,1.9773553760829874,1.9108275316540273,2.0327952464404544,2.091931108155086,2.040187229154783,2.0327952464404544,1.9921393415116453,2.084539125440757,2.043883220511948,1.9995313242259742,2.0032273155831386,1.9958353328688097
900,1.9198621771937625,1.9896753472735356,1.996656664281513,1.9757127132575811,2.0245819323134224,2.05599785884932,2.045525883337354,2.0420352248333655,1.9722220547535922,2.0245819323134224,1.9792033717615696,2.045525883337354,2.1048670779051615,1.9582594207376376,1.9931660057775245,1.9408061282176943,2.0525072003453313,1.965240737745615,2.014109956801456,2.0245819323134224,1.9687313962496038,2.045525883337354,1.9617500792416265,2.0106192982974678,2.1048670779051615,1.9792033717615696,2.0629791758572975,2.007128639793479,1.9792033717615696,1.9757127132575811,1.9477874452256718,1.9722220547535922,2.0943951023931953,1.965240737745615,1.9792033717615696,1.9861846887695471,2.087413785385218,1.9198621771937625,2.0943951023931953,2.0385445663293766,1.9687313962496038,1.9792033717615696,1.9792033717615696,2.0245819323134224,1.9722220547535922,2.045525883337354,2.069960492865275,1.9163715186897738,2.0036379812894904,2.0001473227855016,2.005313497371405
950,2.017233177568183,1.9643221434024603,1.9610152037671023,2.0205401172035407,1.9345596866842412,1.8783417128831605,1.9180249885074527,2.027153996474256,2.0569164531924753,1.9907776604853213,1.9709360226731754,2.070144211733906,2.040381755015687,2.070144211733906,2.040381755015687,2.00731235866211,1.9808568415792487,1.9775499019438907,1.9874707208499638,1.984163781214606,1.8981833506953063,1.9610152037671023,1.9874707208499638,2.080065030639979,1.984163781214606,1.9808568415792487,1.9444805055903138,2.017233177568183,1.9114111092367374,1.9808568415792487,1.9808568415792487,2.0106192982974678,1.924638867778168,1.8882625317892336,2.0436886946510446,2.0370748153803286,2.0304609361096135,1.92133192814281,2.046995634286402,1.9709360226731754,2.0503025739217597,1.9940846001206791,1.984163781214606,2.00731235866211,1.9643221434024603,2.053609513557117,2.0106192982974678,1.9973915397560371,1.957708264131745,1.9742429623085334,1.9898517173874217
1000,2.0514600027941348,2.0608847807549044,2.0703095587156737,1.9792033717615696,1.9792033717615696,2.0703095587156737,1.9163715186897738,1.9697785938008003,2.0263272615654166,1.97606177910798,2.004336112990288,1.9917697423759289,1.925796296650543,1.9697785938008003,1.9980529276831085,2.0734511513692637,2.035752039526186,2.0137608909510574,2.067167966062084,2.0137608909510574,1.957212223186441,2.1331414117874696,2.0263272615654166,2.0231856689118266,2.0451768174869556,2.0231856689118266,1.9069467407290044,2.0577431881013144,2.0514600027941348,2.0765927440228533,1.9603538158400309,1.9666370011472105,1.9949113350295187,2.0106192982974678,2.0106192982974678,1.9823449644151594,1.9949113350295187,2.101725485251572,1.9854865570687492,2.0326104468725963,1.9603538158400309,2.0074777056438777,2.1331414117874696,1.9823449644151594,1.9729201864543902,2.0514600027941348,1.9823449644151594,2.0106192982974678,2.001194520336698,1.9666370011472105,2.0120644309181186
1050,2.022587270311143,1.983691361266698,1.9986513262837922,2.0166032843043054,1.9507794382290904,1.9956593332803734,1.9567634242359284,2.0106192982974678,1.9717233892530226,1.9747153822564414,1.9866833542701168,2.0255792633145617,1.9747153822564414,1.962747410242766,1.962747410242766,1.9657394032461848,2.007627305294049,1.9956593332803734,1.9358194732119962,2.0255792633145617,1.9358194732119962,1.9866833542701168,1.9896753472735356,1.9777073752598602,2.019595277307724,2.0704591583658445,1.9717233892530226,2.043531221335075,1.9866833542701168,1.938811466215415,2.0674671653624257,2.0495152073419125,1.9477874452256718,1.9866833542701168,1.938811466215415,2.0345552423248185,2.085419123382939,1.9268434942017396,2.0315632493213993,1.9866833542701168,2.0884111163863577,1.9777073752598602,2.0046353122906297,1.9477874452256718,2.001643319287211,1.9777073752598602,1.9358194732119962,1.9926673402769544,1.9418034592188342,1.9777073752598602,1.9909319843349713
1100,2.0534591981191466,2.0334672448690294,1.9677793984757885,2.0134752916189127,2.0248992649046937,1.9192275120112192,2.002051318333132,2.007763304976022,1.9991953250116865,1.9192275120112192,2.0191872782618034,1.9963393316902414,1.9534994318685623,2.0620271780834822,2.002051318333132,1.9220835053326644,1.9991953250116865,1.9820593650830147,2.0363232381904752,2.0734511513692637,2.050603204797701,1.970635391797234,2.002051318333132,2.0962990979408254,2.124859031155278,1.9506434385471167,1.970635391797234,2.002051318333132,1.962067411832898,1.9563554251900075,2.0277552582261396,1.9877713517259055,1.970635391797234,1.9335074786184454,1.9592114185114529,1.9249394986541095,2.016331284940358,1.9849153584044603,1.9820593650830147,2.0420352248333655,2.0534591981191466,2.0306112515475845,1.9477874452256718,1.993483338368796,2.059171184762037,2.022043271583249,2.0248992649046937,1.9677793984757885,1.9563554251900075,1.962067411832898,1.998395646881682
1150,1.9805692816109566,1.9833011013097301,1.9914965604060513,2.0625238725741686,1.8822237724551023,2.0679875119717157,1.9778374619121828,2.0734511513692637,2.0679875119717157,2.0078874785986938,1.9368601664305767,1.996960199803599,1.9477874452256718,1.9914965604060513,2.002423839201146,2.02701021649011,1.966910183117088,1.9068101497440657,2.0215465770925625,2.018814757393789,2.02701021649011,1.9532510846232192,1.986032921008504,1.9723738225146354,1.9942283801048253,2.035205675586431,2.016082937695015,1.9833011013097301,1.9286647073342558,2.02701021649011,2.035205675586431,1.9614465437195403,2.0133511179962413,2.024278396791336,2.065255692272942,2.0078874785986938,1.9942283801048253,1.966910183117088,1.986032921008504,1.9914965604060513,2.02701021649011,1.9996920195023726,1.9805692816109566,1.9942283801048253,2.0734511513692637,2.0324738558876576,1.9122737891416133,2.0543284134778474,2.0078874785986938,2.0379374952852047,2.0000198378662253
1200,1.9189895125677654,1.9896753472735356,2.1048670779051615,1.9896753472735356,1.9661134023716123,2.0053833105414847,1.9582594207376376,1.953023432981655,2.0263272615654166,1.987057353395544,2.0525072003453313,2.034181243199391,2.047271212589348,1.9818213656395611,2.0367992370773824,2.0577431881013144,2.008001304419476,1.9975293289075102,1.9608774146156291,2.0367992370773824,1.9661134023716123,1.9373154697137058,1.971349390127595,1.976585377883578,2.015855286053451,1.9922933411515271,2.015855286053451,1.9896753472735356,2.015855286053451,1.9032815492998163,2.0001473227855016,1.9582594207376376,2.0315632493213993,2.034181243199391,1.9739673840055865,1.9451694513476803,2.0001473227855016,1.9687313962496038,2.0210912738094335,1.971349390127595,2.039417230955374,2.0315632493213993,1.9451694513476803,1.9661134023716123,1.9975293289075102,1.9922933411515271,1.9792033717615696,2.0184732799314418,1.976585377883578,1.9844393595175527,1.9946495356417195
1250,2.030725491280442,2.020672394788955,1.9729201864543902,2.0231856689118266,2.0005662018059804,1.9653803640857748,1.9854865570687492,2.008106024174596,2.06842460312352,2.035752039526186,1.9829732829458773,1.9955396535602365,1.9955396535602365,1.9829732829458773,1.9251679781198252,2.020672394788955,2.035752039526186,1.9477874452256718,2.0005662018059804,2.0106192982974678,1.9100883333825942,1.9528139934714155,1.9930263794373646,1.9879998311916212,1.9804600088230055,2.018159120666083,1.9779467347001338,2.035752039526186,2.0759644254921357,2.018159120666083,2.050831684263417,1.975433460577262,1.9879998311916212,2.038265313649058,1.9528139934714155,2.008106024174596,2.0231856689118266,1.9980529276831085,1.8673626732937731,1.9779467347001338,2.065911329000648,1.9779467347001338,2.033238765403314,1.9729201864543902,1.9276812522426972,2.0885307961064945,1.9879998311916212,1.9854865570687492,1.9804600088230055,1.942760896979928,1.9960423083848111
1300,1.9864532009621616,1.976786762028039,2.0347853956327735,2.027535566432182,2.027535566432182,1.9332877868244882,2.051701663767488,2.112116907105753,1.9888698106956921,1.9115382992227128,2.056534883234549,1.9453708354921413,2.0202857372315903,2.0106192982974678,1.9308711770909572,1.976786762028039,1.9647037133603862,2.0686179319022022,2.0057860788304063,2.0033694690968757,1.9912864204292227,1.9816199814951,1.9357043965580187,2.039618615099835,1.976786762028039,1.9647037133603862,2.0130359080309983,2.01786912749806,1.976786762028039,2.0347853956327735,2.0662013221686717,1.9502040549592023,1.9477874452256718,2.049285054033957,1.9719535425609778,2.0130359080309983,1.9840365912286306,1.9985362496298147,1.9792033717615696,1.9840365912286306,1.976786762028039,1.9985362496298147,1.9115382992227128,1.9574538841597942,2.0057860788304063,2.037202005366304,1.9961196398962842,1.9671203230939167,1.9864532009621616,1.9260379576238962,1.9934613691894003
1350,1.9384790225483688,1.9664042905802779,2.080432468377241,1.996656664281513,1.8826284864845502,2.0641427286919605,2.0245819323134224,2.0013108756201645,1.996656664281513,1.9873482416042099,2.050180094676006,2.0245819323134224,2.015273509636119,2.005965086958816,1.933824811209717,2.0408716719987026,1.9082266488471336,2.029236143652074,1.9454603395563461,1.9943295586121872,1.9757127132575811,2.0385445663293766,1.9989837699508386,2.0222548266440965,2.0199277209747706,2.036217460660051,1.9710585019189295,2.017600615305445,1.9780398189269068,2.0106192982974678,2.026909037982748,2.008292192628142,1.9617500792416265,2.0385445663293766,2.0013108756201645,2.0734511513692637,1.9896753472735356,1.9524416565643234,1.9710585019189295,1.9594229735723003,2.0129464039667933,1.9989837699508386,2.045525883337354,1.9640771849109522,1.9268434942017396,2.0338903549907252,1.9826940302655582,2.0036379812894904,1.996656664281513,1.9547687622336491,1.997168627528765
1400,1.9522754347308,2.01735128255516,1.9747153822564414,2.0240832668128523,2.0756951461218276,2.0958910988949047,2.015107287802596,1.9118835291846454,2.01735128255516,2.116087051667982,2.0106192982974678,1.9612514137410566,1.9500314399782357,1.9881793507718264,1.9904233455243903,2.0712071566166994,2.062231177606443,2.0128632930500316,2.0442792195859294,1.9949113350295187,2.033059245823109,1.9253474977000304,2.0667191671115708,2.030815251070545,2.0218392720602885,1.9724713875038773,2.0263272615654166,1.8984195606692609,1.999399324534647,1.9814473665141337,1.9657394032461848,1.9141275239372098,1.9926673402769544,1.9926673402769544,2.0263272615654166,2.019595277307724,1.9792033717615696,2.015107287802596,2.030815251070545,2.098135093647469,2.0353032405756735,1.999399324534647,2.0465232143384937,2.053255198596186,1.9971553297820825,2.113843056915418,2.030815251070545,1.999399324534647,2.019595277307724,2.0128632930500316,2.0116964157786983
1450,1.9976196045584753,1.9846199108194829,2.0864508451082555,1.9846199108194829,1.9997862201816408,1.973786832703656,2.02361899203646,1.9954529889353099,1.9694536014573254,1.9802866795731524,1.9542872920951677,2.0257856076596252,2.0279522232827905,1.9976196045584753,2.1016171544704134,1.9997862201816408,2.001952835804806,2.0452851482681136,2.0214523764132943,1.971620217080491,2.05611822638394,2.058284842007106,1.9932863733121446,1.9911197576889792,1.9456208296025064,1.9846199108194829,2.0106192982974678,1.9759534483268215,1.9759534483268215,2.036618685775452,1.9911197576889792,1.9802866795731524,2.006286067051137,1.9867865264426483,2.019285760790129,1.9846199108194829,2.02361899203646,2.060451457630271,1.9629537545878295,2.014952529543798,2.060451457630271,1.9759534483268215,1.9586205233414986,1.9997862201816408,1.9911197576889792,2.0799509982387594,2.001952835804806,1.9867865264426483,2.0496183795144445,1.9889531420658138,2.005896076238967
1500,2.027374459116613,1.9896753472735356,1.939409864816099,1.9708257913519969,1.9917697423759289,2.0210912738094335,1.9896753472735356,2.0001473227855016,1.9268434942017396,1.9687313962496038,1.9896753472735356,2.0629791758572975,1.983392161966356,1.939409864816099,1.92056030889456,1.9750145815567834,1.9917697423759289,2.0294688542190062,1.9771089766591763,2.02528006401422,1.9561650256352445,2.0085249031950743,1.983392161966356,1.9938641374783221,2.0210912738094335,1.9750145815567834,2.0001473227855016,2.0022417178878946,2.0525072003453313,1.9373154697137058,1.9435986550208855,2.0734511513692637,2.0315632493213993,1.9938641374783221,1.9603538158400309,2.0315632493213993,1.9729201864543902,1.9792033717615696,1.9415042599184922,1.9750145815567834,1.9938641374783221,2.0001473227855016,1.9854865570687492,2.006430508092681,1.9771089766591763,2.0001473227855016,2.0462240150381517,1.9875809521711425,1.9687313962496038,2.0106192982974678,1.9905968811185888
1550,2.0126461322675255,1.996431460507062,1.9903509585968884,2.036968139908221,2.028860804027989,2.020753468147757,1.9619752830160773,2.059263313578858,2.0227803021178152,1.996431460507062,2.0633169815189736,2.002511962417236,2.0106192982974678,2.0349413059381627,1.9579216150759613,1.9579216150759613,1.9437337772855556,2.032914471968105,1.9923777925669461,2.061290147548916,2.0187266341776993,1.9538679471358456,1.9457606112556138,2.032914471968105,2.0045387963872936,1.9660289509561932,1.9579216150759613,1.9761631208064827,2.0166998002076415,1.996431460507062,2.00859246432741,1.9498142791957296,2.087638989159669,2.0187266341776993,1.974136286836425,1.9903509585968884,2.0146729662375833,1.9417069433154979,2.0045387963872936,1.9842704566867144,1.9619752830160773,1.9477874452256718,1.9984582944771199,2.0106192982974678,2.0572364796088,2.020753468147757,2.002511962417236,2.0633169815189736,1.9518411131657878,1.964002116986135,2.0001202983325674
1600,1.971349390127595,1.989020848804038,1.9144080232812801,1.967422399310608,1.9320794819577227,2.0322177477908974,1.9929478396210252,1.9615319130851272,1.9792033717615696,2.085232123820225,2.0145462891144548,1.967422399310608,2.034181243199391,1.9968748304380122,2.024363766156923,2.0263272615654166,1.8928095737878505,1.9340429773662162,1.926188995732242,2.012582793705961,2.0263272615654166,2.008655802888974,1.9752763809445826,2.004728812071987,2.0008018212549996,2.0145462891144548,2.002765316663493,2.008655802888974,1.989020848804038,1.9850938579870505,2.0322177477908974,1.967422399310608,1.9536779314511525,1.9929478396210252,1.987057353395544,2.0106192982974678,2.0538161972843274,1.9556414268596465,1.9909843442125315,2.0204367753399355,1.93600647277471,1.9654589039021142,2.040071729424872,2.0675606651437826,1.9536779314511525,1.9949113350295187,2.0204367753399355,2.0066923074804803,1.9909843442125315,2.0204367753399355,1.992633680355666
1650,2.063931173631113,2.081067133559784,2.016331284940358,2.0525072003453313,2.0182352804879886,1.9649234051543434,2.0087153027498372,2.0201392760356187,1.9801553695353846,1.9744433828924943,2.014427289392728,2.001099320559317,2.025851262678509,1.9820593650830147,2.012523293845098,2.006811307202207,2.0315632493213993,1.9725393873448642,1.995387333916426,1.9915793428211657,1.9820593650830147,1.9382674674875209,2.056315191440592,1.983963360630645,1.9382674674875209,1.970635391797234,2.0315632493213993,1.9649234051543434,2.0429872226071804,2.001099320559317,1.9534994318685623,1.9192275120112192,2.004907311654577,2.0334672448690294,2.065835169178743,2.022043271583249,1.9592114185114529,2.0087153027498372,1.9192275120112192,1.993483338368796,2.0106192982974678,2.03537124041666,2.058219186988222,2.0277552582261396,1.9991953250116865,2.060123182535852,2.075355146916894,1.983963360630645,2.025851262678509,2.014427289392728,2.005897389339345
1700,2.0106192982974678,1.9847473587973161,1.9477874452256718,2.006923306940303,2.053123198904859,1.9718113890472408,2.0752991470478457,2.0032273155831386,1.934851475475596,2.014315289654632,1.9274594927612672,1.981051367440152,1.9293074884398496,1.9939873371902277,1.9662674020114939,2.006923306940303,2.016163285333214,2.040187229154783,1.9847473587973161,2.0512752032262767,1.9422434581899253,1.9958353328688097,2.0180112810117965,2.019859276690379,2.0272512594047076,1.949635440904254,1.9293074884398496,2.02909925508329,2.034643242119037,2.0087713026188854,2.0364912377976188,2.053123198904859,1.9939873371902277,1.9718113890472408,2.02909925508329,1.9921393415116453,2.0716031556906813,1.9533314322614181,2.006923306940303,2.040187229154783,2.030947250761872,2.016163285333214,2.0013793199045566,2.0106192982974678,1.9792033717615696,1.9939873371902277,2.053123198904859,1.975507380404405,2.0180112810117965,1.9773553760829874,2.001194520336698
1750,1.9980529276831085,2.0052337108913134,2.0070289066933653,1.9980529276831085,2.0429328227343913,2.019595277307724,2.0088241024954163,2.024980864713878,2.0142096899015702,2.0213904731097756,1.9406066620174662,2.0178000815056727,2.019595277307724,2.0285712563179805,1.9639442074441333,2.0088241024954163,2.0716559555672123,2.0231856689118266,2.0626799765569555,1.9765105780584926,2.024980864713878,1.9765105780584926,2.001643319287211,1.9585586200379796,1.9765105780584926,1.9531730326318255,2.0178000815056727,2.0034385150892624,1.9603538158400309,2.0285712563179805,1.9352210746113125,1.9729201864543902,1.9962577318810573,1.9962577318810573,2.0393424311302883,1.983691361266698,1.9352210746113125,2.0231856689118266,1.9639442074441333,2.0142096899015702,1.9908721444749031,1.9962577318810573,1.9801009696625955,1.9657394032461848,2.024980864713878,1.9801009696625955,2.0160048857036212,2.033956843724135,1.9818961654646468,2.0626799765569555,2.0009611448824316
1800,2.0088739690454736,2.0106192982974678,2.0594885173533086,1.9931660057775245,1.9914206765255298,2.007128639793479,2.015855286053451,2.029817920069405,2.0053833105414847,2.0577431881013144,2.014109956801456,1.9949113350295187,2.0036379812894904,1.9844393595175527,1.9582594207376376,1.921607506445757,2.0402898955813713,1.918116847941768,2.0036379812894904,2.0106192982974678,2.028072590817411,1.9250981649497454,1.9408061282176943,1.9774580425095754,1.9460421159736774,1.9687313962496038,1.9931660057775245,2.0036379812894904,2.0088739690454736,1.9914206765255298,1.9861846887695471,1.9879300180215413,2.0210912738094335,2.015855286053451,2.0228366030614278,1.970476725501598,2.014109956801456,2.0193459445574393,2.0001473227855016,2.0088739690454736,1.970476725501598,2.033308578573394,2.012364627549462,1.9669860669976091,2.0053833105414847,1.9460421159736774,2.0402898955813713,2.0315632493213993,1.9792033717615696,2.080432468377241,1.998506713288627
1850,2.005524823724079,2.0683566767958745,2.0700548349870043,2.014015614679727,1.9851469254305232,2.034393512973282,2.0157137728708565,2.034393512973282,1.9851469254305232,1.9681653435192272,2.0106192982974678,1.9834487672393937,2.04458246212006,1.9834487672393937,2.0309971965910227,2.012317456488597,2.0513750948845786,1.9562782361813198,2.0377898293555416,1.9528819197990606,1.986845083621653,2.034393512973282,2.036091671164412,2.047978778502319,1.969863501710357,2.0411861457378007,2.0191100892531155,1.9936377163861714,2.022506405635375,1.9749579762837457,2.0564695694579673,2.0038266655329493,2.0174119310619862,1.9613727107547085,2.0174119310619862,1.9936377163861714,2.0242045638265043,2.049676936693449,1.9681653435192272,2.049676936693449,2.0106192982974678,2.0292990383998935,2.0191100892531155,2.005524823724079,1.963070868945838,2.032695354782153,1.9562782361813198,2.0309971965910227,1.9919395581950416,1.9953358745773009,2.0109589299356934
1900,2.0106192982974678,1.9610152037671023,2.0370748153803286,1.9775499019438907,2.048649104104081,1.9329062168665623,2.0569164531924753,2.045342164468723,2.017233177568183,1.995738069938358,2.018886647385862,2.0337678757449713,1.9196784583251316,2.004005419026752,2.0354213455626504,1.9312527470488834,1.93621315650192,2.0056588888444313,1.9973915397560371,1.9924311303030002,1.9940846001206791,2.0023519492090736,1.9825103113969276,2.076758091004621,2.0006984793913944,2.0106192982974678,2.0056588888444313,1.9792033717615696,1.9676290830378176,2.0006984793913944,2.015579707750504,2.015579707750504,2.0023519492090736,1.9659756132201391,1.9775499019438907,1.9494409150433507,1.9792033717615696,2.0006984793913944,1.985817251032285,2.046995634286402,1.9924311303030002,1.9940846001206791,1.9593617339494238,2.0006984793913944,1.9874707208499638,2.081718500457658,1.989124190667643,1.9775499019438907,2.028807466291935,2.0370748153803286,1.9993095647445442
1950,1.976786762028039,2.015452517764529,1.9316767136688011,1.9864532009621616,2.041229688255522,1.9961196398962842,1.9848421278064745,2.000952859363345,2.0525072003453313,2.0202857372315903,2.036396468788461,1.881733445842502,2.018674664075903,1.9961196398962842,2.0041750056747194,1.9687313962496038,1.9365099331358622,2.0315632493213993,1.9880642741178485,2.0090082251417805,1.9687313962496038,1.891399884776624,1.9622871036268552,1.9703424694052907,1.949398518381359,2.0299521761657124,2.0347853956327735,1.975175688872352,1.9397320794472364,2.002563932519032,2.057340419812393,1.9735646157166649,1.9912864204292227,2.0299521761657124,1.9622871036268552,1.976786762028039,2.021896810387277,2.0170635909202157,2.0299521761657124,1.9783978351837264,1.9993417862076581,1.9638981767825423,2.023507883542964,1.9606760304711686,1.975175688872352,2.000952859363345,2.0525072003453313,1.9783978351837264,1.9381210062915493,1.9719535425609778,1.9900942262940142
2000,2.0326104468725963,1.9744909827811847,1.9980529276831085,2.0875883183104174,1.9823449644151594,1.9933405387027237,1.9980529276831085,2.015331687277852,2.0530307991209296,2.015331687277852,2.0294688542190062,1.9823449644151594,1.930508685630928,2.0121900946242626,1.957212223186441,2.0624555770816992,2.0561723917745196,1.944645852572082,2.065597169735289,2.004336112990288,2.004336112990288,1.9980529276831085,2.005906909317083,1.9697785938008003,1.9964821313563135,2.0436060211601603,2.001194520336698,1.961924612166826,2.0121900946242626,2.004336112990288,1.9901989460491338,2.064026373408494,1.9839157607419542,2.0247564652386214,2.0137608909510574,2.0263272615654166,2.0436060211601603,1.9682077974740053,2.0121900946242626,2.0326104468725963,2.0074777056438777,2.0294688542190062,1.9744909827811847,2.0106192982974678,2.065597169735289,1.9854865570687492,1.9807741680883644,2.0184732799314418,2.0090485019706725,2.0184732799314418,2.0090485019706725
2050,2.027476624731364,1.9508524136681984,2.071918667148,1.987632034978518,1.9860995507572545,2.030541593173891,1.9845670665359914,2.013684266739994,2.061191277599157,1.964644771659568,1.992229487642308,1.924800181906722,1.9769046454296748,2.001424392969888,2.041268982722734,1.973839676987148,1.9217352134641954,2.009086814076204,1.969242224323358,2.061191277599157,1.958514834774515,2.029009108952627,2.021346687846311,2.0734511513692637,1.973839676987148,1.9845670665359914,1.9968269403060979,2.007554329854941,1.9845670665359914,2.012151782518731,2.001424392969888,1.9845670665359914,2.004489361412414,2.0397364985014708,1.9769046454296748,1.969242224323358,2.025944140510101,2.022879172067574,2.0443339511652607,2.009086814076204,1.881890623711349,1.9860995507572545,1.9952944560848345,1.9998919087486244,1.987632034978518,2.035139045837681,1.9952944560848345,2.002956877191151,1.9968269403060979,2.025944140510101,1.9995547622199468
2100,1.9956593332803734,2.0450272178367843,1.9672353997478942,1.9687313962496038,2.0136112913008866,1.9881793507718264,1.9956593332803734,2.0001473227855016,1.9896753472735356,1.9792033717615696,2.033059245823109,1.9896753472735356,2.051011203843622,1.9881793507718264,1.9926673402769544,1.9642434067444754,2.0420352248333655,1.9821953647649884,1.970227392751313,2.0255792633145617,2.0210912738094335,2.033059245823109,1.9986513262837922,1.994163336778664,1.9582594207376376,1.9792033717615696,1.9866833542701168,2.068963161864135,1.994163336778664,2.0315632493213993,1.994163336778664,1.9657394032461848,2.0285712563179805,1.9552674277342188,1.9896753472735356,1.9777073752598602,2.0210912738094335,1.9507794382290904,1.9492834417273812,2.022587270311143,1.994163336778664,1.9298354872051589,2.0390432318299467,1.9956593332803734,1.9777073752598602,1.976211378758151,2.0001473227855016,1.9851873577684072,1.9522754347308,2.040539228331656,1.9958687727906124
2150,1.9667831217357497,2.050071857203014,1.9784727688188741,2.045688239546842,2.0018520629851237,1.955093474652625,1.9521710628818434,1.9667831217357497,2.006235680641296,2.035459798349108,2.020847739495202,2.0413046218906703,1.9784727688188741,1.9960072394435617,1.9594770923087965,2.009158092412077,1.955093474652625,1.9974684453289522,1.9960072394435617,2.033998592463717,2.0193865336098114,2.0603002984007484,1.9740891511627026,2.0763735631400446,1.9857787982458275,1.9974684453289522,2.0734511513692637,2.033998592463717,2.0193865336098114,2.006235680641296,1.9419426216841094,1.9930848276727806,1.9828563864750464,1.9799339747042652,1.9623995040795776,2.0076968865266864,1.9740891511627026,2.0018520629851237,2.020847739495202,1.9960072394435617,1.9930848276727806,2.0398434160052794,2.0413046218906703,2.0033132688705146,1.9331753863717658,2.0369210042344985,1.975550357048093,1.9813951805896557,2.023770151265983,2.0573778866299666,2.0027872347517737
2200,2.0134752916189127,1.9592114185114529,1.9877713517259055,1.9749193817794017,1.9606394151721755,1.9977673283509638,2.0334672448690294,1.9792033717615696,1.986343355065183,2.0191872782618034,1.9606394151721755,1.9377914686006132,2.0363232381904752,2.0363232381904752,1.9777753751008469,1.9534994318685623,2.054887194779869,2.0491752081369787,1.9663514018150658,2.0420352248333655,1.9920553417080733,1.9806313684222925,2.0106192982974678,2.0434632214940884,1.9977673283509638,1.9277954919755549,1.9720633884579564,2.0263272615654166,2.0234712682439713,1.9634954084936207,2.03917923151192,2.0377512348511977,2.0120472949581902,2.0149032882796356,1.9592114185114529,2.004907311654577,2.059171184762037,1.9649234051543434,1.9877713517259055,1.9677793984757885,1.970635391797234,1.9792033717615696,2.06631116806565,2.020615274922526,1.9777753751008469,2.0120472949581902,2.0191872782618034,2.0577431881013144,1.9663514018150658,1.9949113350295187,1.9995380442102597
2250,1.9924678740767265,1.9617500792416265,1.999449191084704,2.0078267714942766,2.0301669859198044,2.020393142108636,1.9757127132575811,1.9840902936671538,1.9757127132575811,2.035752039526186,2.051110936943736,2.009223034895872,2.0525072003453313,1.9729201864543902,1.981297766863963,2.04692214673895,2.0022417178878946,1.9589575524384353,2.020393142108636,1.9603538158400309,1.999449191084704,2.072054887967668,1.9449949184224806,2.006430508092681,1.9757127132575811,1.9799015034623675,1.951976235430458,1.9952604008799173,2.041337093132568,1.9896753472735356,2.0245819323134224,2.0008454544862992,2.0343557761245905,2.072054887967668,1.9757127132575811,2.0162043519038493,2.051110936943736,1.9617500792416265,1.9924678740767265,1.9924678740767265,2.045525883337354,2.0008454544862992,1.963146342643222,1.9938641374783221,2.014808088502254,2.0008454544862992,2.0399408297309725,1.9854865570687492,2.006430508092681,1.9980529276831085,2.0033308033411394
2300,2.0106192982974678,2.006521568749307,2.0078874785986938,2.051596593779074,2.0092533884480805,2.0037897490505334,2.00515565889992,1.9819351914603436,1.964178363418314,2.0338397657370444,2.017448847544402,2.002423839201146,2.018814757393789,2.0201806672431757,1.9737397323640222,1.954616994472606,1.9901306505566647,2.0256443066407233,2.028376126339497,2.016082937695015,1.9833011013097301,1.9382260762799635,2.0488647740803,1.9737397323640222,1.9901306505566647,1.987398830857891,1.9737397323640222,1.9819351914603436,2.0201806672431757,1.9368601664305767,1.9942283801048253,1.9778374619121828,2.014717027845628,2.0010579293517594,2.035205675586431,2.035205675586431,2.0488647740803,1.995594289954212,1.9833011013097301,2.0119852081468546,1.9628124535689273,1.995594289954212,1.9833011013097301,2.0734511513692637,1.9901306505566647,2.0256443066407233,2.016082937695015,1.9751056422134088,1.9819351914603436,2.0215465770925625,2.001604293291514
2350,1.9745244039796275,2.019977233861352,1.9330821179109963,2.0427036488022146,2.0453773446776102,2.0173035379859563,2.00928245035977,2.0213140817990496,2.0186403859236544,1.9718507081042318,2.0453773446776102,2.013292994172863,1.9932402751073963,2.0480510405530055,1.9665033163534407,2.0052719065466764,2.0186403859236544,2.026661473549841,2.05740897611689,1.9878928833566054,2.0186403859236544,1.970513860166534,2.001261362733583,2.0306720173629342,2.046714192615308,2.007945602422072,2.0226509297367476,2.0025982106712807,1.9691770122288363,1.939766357599485,2.0253246256121433,2.0614195199299834,2.0386931049891213,1.995913970982792,2.013292994172863,2.0320088653006323,1.9905665792320006,2.026661473549841,2.0453773446776102,2.0052719065466764,1.8996609194685514,2.076124847244659,1.9905665792320006,2.006608754484374,2.044040496739912,2.0346825611760275,2.0039350586089784,1.9718507081042318,2.0173035379859563,2.0025982106712807,2.0101647699986502
2400,2.0093103013584717,2.028945255443408,2.0145462891144548,1.9595684176766335,2.028945255443408,1.9739673840055865,2.008001304419476,1.9582594207376376,1.9844393595175527,1.9896753472735356,1.9805123687005652,2.013237292175459,1.9464784482866762,2.0106192982974678,2.034181243199391,1.9661134023716123,2.0145462891144548,1.925534497262744,2.0263272615654166,1.9831303625785568,1.998838325846506,2.0001473227855016,2.0354902401383868,1.9805123687005652,1.98836635033454,2.0145462891144548,2.002765316663493,1.9818213656395611,2.04988920646734,2.008001304419476,1.9962203319685143,1.9896753472735356,2.0145462891144548,1.9556414268596465,2.043344221772361,1.9778943748225741,1.9346974758357143,1.9517144360426588,1.9595684176766335,2.0171642829924465,1.9975293289075102,2.0525072003453313,2.023709267687425,1.9543324299206504,2.008001304419476,2.013237292175459,2.0302542523824036,1.9857483564565483,1.9792033717615696,2.002765316663493,1.996089432274615
2450,2.002925602002962,2.00036103657146,2.0183129945919736,1.9875382094139509,2.011901581013219,2.108072784694539,2.019595277307724,2.0067724501502147,2.05549919334875,1.9567634242359284,2.0144661464447204,2.049087779769996,2.0272889736022295,1.9683039686776866,2.0516523452014974,2.0067724501502147,1.9862559266981998,1.8952138538798835,1.9965141884242072,2.0221598427392258,2.026006690886479,2.0362649526124863,1.9631748378146832,1.9965141884242072,2.063192889643256,1.9772799476879432,1.988820492129702,2.0221598427392258,2.004207884718713,2.045240931622743,2.001643319287211,1.999078753855709,2.0337003871809842,1.9606102723831813,2.026006690886479,1.9695862513934375,2.0221598427392258,1.9683039686776866,2.063192889643256,2.0183129945919736,2.0054901674344636,2.023442125454977,1.999078753855709,2.0349826698967353,1.8964961365956343,1.9644571205304338,1.9952319057084562,1.9529165760886755,2.0311358217494826,1.940093748931166,2.004284821681658
2500,2.0005662018059804,1.9704069123315182,1.9704069123315182,1.9955396535602365,2.0294688542190062,2.0231856689118266,2.001822838867416,2.045805136017673,1.9930263794373646,1.955327267594287,2.024442305973263,2.0633980548777764,1.9955396535602365,1.9879998311916212,1.957840541717159,1.9188847928126456,1.9930263794373646,2.005592750051724,2.005592750051724,1.989256468253057,1.989256468253057,1.9465308081642358,2.003079475928852,1.9804600088230055,2.0093626612360316,2.0194157577275194,2.0294688542190062,2.0558582325091606,2.0131325724203397,2.0118759353589035,1.9829732829458773,1.957840541717159,2.005592750051724,1.9779467347001338,1.9314511634270048,2.0131325724203397,1.9942830164988008,2.0106192982974678,1.9942830164988008,2.0131325724203397,2.004336112990288,1.9817166458844415,2.0169024836046474,1.990513105314493,1.9942830164988008,1.9854865570687492,1.9817166458844415,2.018159120666083,1.9729201864543902,2.0093626612360316,1.9964444322444705
2550,1.9982993271069194,2.0537391974643864,1.9995313242259742,2.0315632493213993,1.9613394135352746,1.9921393415116453,1.9909073443925902,1.9847473587973161,1.978587373202042,1.981051367440152,2.027867257964235,1.9773553760829874,2.0019953184640835,1.9773553760829874,2.0118512954165224,1.972427387606768,1.9514834365828364,2.022939269488016,2.041419226273838,2.0241712666070706,1.981051367440152,2.0081553040593576,1.9835153616782615,2.021707272368961,1.9896753472735356,1.9896753472735356,2.000763321345029,1.9625714106543297,1.9822833645592066,2.0093873011784127,2.0327952464404544,1.9588754192971651,1.9859793559163712,1.9687313962496038,1.9946033357497548,1.9958353328688097,2.0364912377976188,1.9773553760829874,1.9835153616782615,1.987211353035426,1.9588754192971651,1.9687313962496038,2.0254032637261252,2.0093873011784127,1.9982993271069194,1.9822833645592066,1.9884433501544807,2.0537391974643864,1.9798193703210971,2.0709871571311536,1.9973383693540567
2600,2.0891591146372126,1.9816199814951,1.9888698106956921,2.0057860788304063,1.9308711770909572,1.9937030301627532,2.0118276031642326,2.027535566432182,2.004577773963641,2.0130359080309983,2.0190774323648246,2.044451834566896,2.0130359080309983,1.9465791403589063,1.9876615058289266,1.9453708354921413,1.9973279447630492,2.004577773963641,2.004577773963641,1.9779950668948043,2.0855342000369164,1.9683286279606818,1.9888698106956921,2.0420352248333655,2.0456601394336618,2.0130359080309983,2.0069943836971715,2.0142442128977636,2.0118276031642326,1.9743701522945085,1.9852448960953961,2.0069943836971715,1.9888698106956921,2.0021611642301105,1.9961196398962842,1.9707452376942127,2.0202857372315903,1.9381210062915493,1.9876615058289266,2.022702346965121,1.9671203230939167,1.9864532009621616,2.01786912749806,2.0529099686342533,2.0106192982974678,2.004577773963641,1.9973279447630492,2.0057860788304063,1.9574538841597942,1.9453708354921413,2.0000587137619386
2650,2.0449989914876956,1.9418599119170117,2.0129903116209316,2.0189178449295917,1.9703120717985796,2.0710801380457995,1.9466019385639395,1.921706298667568,1.9857236584010955,1.9809816317541677,2.0046917649888076,2.0212888582530555,2.0189178449295917,1.9643845384899195,2.0367004448555717,2.0046917649888076,2.0248453782382514,1.9987642316801477,2.0639670980754077,1.9904656850480238,2.0082482849740035,1.9608280185047238,1.9726830851220438,2.037885951517304,1.9714975784603117,1.9821671384158994,2.0272163915617156,2.0189178449295917,1.9845381517393639,2.0260308848999835,1.9916511917097555,1.9726830851220438,1.948972951887404,1.9916511917097555,1.9809816317541677,2.0035062583270755,2.0497410181346236,1.9928366983714876,1.9869091650628277,2.0485555114728915,2.0367004448555717,2.0058772716505393,2.0272163915617156,2.0307729115469115,1.9916511917097555,1.9679410584751156,1.9845381517393639,1.9857236584010955,2.0094337916357357,2.0295874048851794,2.0010166943374386
2700,2.046689436172017,1.9757127132575811,2.007128639793479,2.0245819323134224,1.996656664281513,1.9885117944388726,2.035053907825388,2.0199277209747706,2.009455745462805,2.0594885173533086,1.9733856075882552,1.9198621771937625,2.03970811916404,2.009455745462805,2.049016541841343,2.008292192628142,2.0187641681401076,1.9780398189269068,1.9873482416042099,2.067633387195949,2.0478529890066803,1.9733856075882552,1.9536052093989862,2.0245819323134224,2.0199277209747706,1.9605865264069635,2.0327268021560627,2.0420352248333655,1.9873482416042099,2.0210912738094335,2.0210912738094335,1.9524416565643234,1.9873482416042099,1.9524416565643234,1.9826940302655582,1.9698949490842665,2.0338903549907252,1.9931660057775245,2.015273509636119,1.9501145508949973,1.9931660057775245,2.057161411683983,1.9815304774308953,2.0222548266440965,2.0245819323134224,1.9954931114468502,2.045525883337354,2.004801534124153,2.0303996964867363,2.009455745462805,2.0060116290722028
2750,1.9877713517259055,1.9569266238542964,1.939790663925625,1.9957681330259525,1.9900561463830617,2.012904092954624,1.9569266238542964,2.004907311654577,1.961496213168609,2.0426064234976544,1.9534994318685623,2.0414640261690766,1.970635391797234,1.9854865570687492,1.993483338368796,1.9729201864543902,2.0197584769260923,2.0962990979408254,2.004907311654577,1.992340941040218,2.0860175219836226,2.016331284940358,2.007192106311733,2.0197584769260923,1.994625735697374,2.007192106311733,2.067739164726373,2.0140464902832016,2.035752039526186,2.044891218154811,1.9672081998114994,2.0494608074691234,2.0140464902832016,1.9569266238542964,2.0300400528832956,2.047176012811967,1.939790663925625,2.0460336154833887,2.0231856689118266,2.0209008742546706,2.024328066240405,2.002622516997421,1.9592114185114529,1.992340941040218,2.0494608074691234,1.9672081998114994,1.9991953250116865,2.0174736822689363,2.0494608074691234,1.9866289543973272,2.006323884342014
2800,1.9814473665141337,1.9960333324058006,1.971349390127595,1.9814473665141337,1.9971553297820825,1.9758373796327233,1.987057353395544,2.0364252379519554,2.0431572222096475,1.9893013481481083,2.0319372484468268,2.0083753035449035,1.951153437354518,2.0072533061686215,1.970227392751313,1.999399324534647,2.0128632930500316,1.9893013481481083,2.002765316663493,1.9937893376532367,2.005009311416057,2.0072533061686215,2.0386692327045193,2.0128632930500316,2.0184732799314418,2.0319372484468268,2.005009311416057,2.009497300921186,1.9634954084936207,1.9814473665141337,1.9657394032461848,1.969105395375031,2.0117412956737497,1.9814473665141337,1.9758373796327233,1.982569363890416,2.016229285178878,2.0117412956737497,1.9971553297820825,1.999399324534647,1.9522754347308,1.9881793507718264,2.01735128255516,2.0229612694365704,1.999399324534647,1.985935356019262,1.966861400622467,2.0083753035449035,2.0240832668128523,2.016229285178878,1.9978509681553778
2850,1.996289226544251,2.0734511513692637,2.0062100454503238,2.0006984793913944,1.9488897584374576,2.016130864356397,2.028256309686042,2.013926237932825,1.9819591547910345,2.055814139980689,1.9521966980728154,2.034870188956757,1.9709360226731754,1.9720383358849614,2.0006984793913944,2.0326655625331855,1.9698337094613896,2.0062100454503238,1.9786522151556767,2.0436886946510446,2.045893321074616,1.9918799736971076,1.9896753472735356,1.9918799736971076,1.9466851320138858,2.027153996474256,2.0106192982974678,1.965424456614246,1.9753452755203191,1.9753452755203191,2.0062100454503238,2.0480979474981877,1.9665267698260318,1.976447588732105,2.0205401172035407,1.9466851320138858,1.9852660944263922,2.0370748153803286,2.034870188956757,2.024949370050684,1.986368407638178,2.005107732238538,2.0624280192514046,2.0006984793913944,2.0029031058149664,1.996289226544251,1.9268434942017396,2.0216424304153264,1.9995961661796087,1.9786522151556767,2.0006102943344515
2900,2.0008695279932236,1.994369681123727,1.9727035248920737,1.9911197576889792,2.0247022998480424,1.9499540608488373,1.998702912370058,1.9900364498773966,1.9694536014573254,2.0550349185723578,2.005202759239554,2.050701687326027,2.0398686092102003,2.001952835804806,1.9586205233414986,2.0377019935870346,2.036618685775452,2.033368762340704,1.9976196045584753,1.9954529889353099,2.0312021467175385,1.96728698583416,2.0312021467175385,2.0312021467175385,2.019285760790129,1.9542872920951677,1.9477874452256718,1.9727035248920737,1.96728698583416,2.0041194514279717,2.006286067051137,1.9748701405152387,1.9965362967468925,2.0214523764132943,1.9412875983561757,2.022535684224877,2.0073693748627193,2.02361899203646,2.0073693748627193,1.9499540608488373,2.0247022998480424,1.9282879046171835,2.0322854545291213,2.0106192982974678,1.978120063949987,2.013869221732216,1.9759534483268215,1.9586205233414986,1.9532039842835853,1.9629537545878295,1.996406299809503
2950,1.9850605784038557,2.0500223248001195,2.006359511648532,2.0553470581112885,2.003164671661831,1.9861255250660896,2.004229618324065,1.9690863784703483,2.0010347783373628,2.020203818257572,2.0425676981644822,2.0020997249995967,1.9637616451591793,1.9754760584437512,2.0361780181910794,2.0170089782708707,2.032983178204378,1.9776059517682187,1.9925152050394925,2.008489404973,1.9818657384171543,2.0052945649862988,1.9871904717283235,1.9850605784038557,1.950982285212373,2.0170089782708707,1.9680214318081144,1.959501858510244,1.9605668051724778,1.99464509836396,1.9935801517017262,1.9935801517017262,1.9637616451591793,1.9925152050394925,1.983995631741622,1.9850605784038557,2.0010347783373628,1.9935801517017262,1.9861255250660896,1.9669564851458807,1.9605668051724778,1.9871904717283235,2.013814138284169,1.983995631741622,1.9989048850128954,2.0223337115820397,1.990385311715025,2.018073924933104,1.9935801517017262,1.9669564851458807,1.9947089951636943
3000,1.9718729889031936,2.0189968787070405,1.9425514574696887,2.0001473227855016,2.0451768174869556,1.9917697423759289,1.953023432981655,1.9854865570687492,2.0137608909510574,2.015855286053451,2.014808088502254,2.0231856689118266,1.9917697423759289,1.9561650256352445,1.939409864816099,2.014808088502254,1.965589803596014,2.014808088502254,1.965589803596014,1.9949113350295187,1.9875809521711425,1.9708257913519969,2.014808088502254,2.014808088502254,1.9844393595175527,2.0169024836046474,2.0116664958486643,2.0001473227855016,1.988628149722339,1.980250569312766,1.9697785938008003,1.957212223186441,1.9614010133912274,2.0106192982974678,2.0367992370773824,1.9624482109424242,1.97606177910798,2.033657644423793,2.033657644423793,1.9959585325807152,2.0294688542190062,2.0189968787070405,1.9907225448247323,1.9938641374783221,1.9854865570687492,2.0221384713606305,1.9708257913519969,2.0001473227855016,1.9980529276831085,1.9928169399271254,1.9945971757641596
3050,2.02606975397086,2.006499176784563,2.0157694501885985,1.9735382046813257,1.9580877490079331,1.9766282958160044,1.9910487211111707,2.0291598451055384,2.0415202096442524,2.0106192982974678,2.0219496324579556,2.0343099969966696,1.9766282958160044,2.0219496324579556,1.9972289033805277,2.0023790552716583,1.9961988730023013,2.0157694501885985,1.9725081743030994,2.032249936240217,2.0281298147273126,2.0281298147273126,1.9807484173289087,1.987958629976492,2.013709389432146,1.9961988730023013,1.9786883565724565,1.9931087818676227,2.0157694501885985,2.019889571701503,2.005469146406337,2.013709389432146,2.0693310298563588,1.9848685388418135,1.9508775363603503,2.0106192982974678,1.9931087818676227,1.9343970503087318,1.98589856922004,1.9591177793861594,2.0178295109450506,2.001349024893432,1.9343970503087318,2.0672709690999067,1.987958629976492,1.9735382046813257,2.016799480566825,2.0147394198103723,2.013709389432146,2.007529207162789,2.001699235222029
3100,2.0572364796088,2.0693974834291478,2.006565630357352,1.999471711462149,1.9447471942705847,2.0146729662375833,2.0440620588034233,1.967042367941222,2.0379815568932496,2.024807136087873,1.9923777925669461,1.9862972906567722,2.0450754757884524,2.0400083908633078,2.0227803021178152,1.967042367941222,1.9579216150759613,2.0055522133723227,1.9538679471358456,1.9802167887465987,1.9812302057316276,2.0379815568932496,1.9944046265370043,1.9660289509561932,2.0379815568932496,2.029874221013018,2.0004851284471776,2.0106192982974678,2.0197400511627284,1.9609618660310482,2.011632715282497,1.9852838736717435,1.9822436227166567,2.0055522133723227,1.9984582944771199,2.002511962417236,2.0136595492525546,2.0106192982974678,1.9771765377915118,2.0096058813124387,1.9589350320609904,2.02784738704296,1.995418043522033,2.025820553072902,2.031901054983076,2.00859246432741,2.026833970057931,1.9477874452256718,2.02784738704296,1.999471711462149,2.0040726245741802
3150,2.0385445663293766,2.0066299742929092,2.007627305294049,2.001643319287211,1.9168701841903435,2.009621967296328,2.0046353122906297,1.9866833542701168,2.0066299742929092,1.9846886922678375,2.043531221335075,2.065472503360146,2.0395418973305164,2.0385445663293766,2.011616629298607,2.0066299742929092,1.939808797216555,1.9906726782746753,2.0265765943157015,1.9856860232689773,1.9777073752598602,1.9777073752598602,1.9896753472735356,1.9986513262837922,2.011616629298607,1.9727207202541621,2.027573925316841,1.9697287272507433,2.0345552423248185,2.0156059533031656,2.032560580322539,1.9777073752598602,1.996656664281513,1.9567634242359284,1.978704706261,2.0475205453396335,2.0505125383430522,2.009621967296328,1.993664671278094,2.021589939310003,2.012613960299747,2.0245819323134224,2.020592608308864,1.993664671278094,2.0385445663293766,1.9896753472735356,2.0146086223020263,2.021589939310003,2.0295685873191203,1.9816966992644187,2.005592750051724
3200,1.9998200735507528,2.0420352248333655,1.9860756056912974,1.9929478396210252,2.048907458763093,2.035162990903638,2.0135645414102084,2.027309009269663,1.9615319130851272,2.0174915322271953,1.9752763809445826,1.9978565781422593,2.075414646777757,2.035162990903638,1.977239876353076,1.9733128855360889,1.9841121102828039,1.9693858947191014,1.998838325846506,1.9929478396210252,2.0469439633546,1.987057353395544,1.9821486148743102,1.9978565781422593,2.023382018452676,2.0017835689592465,2.011601046001714,1.9664406516063613,2.0302542523824036,1.972331137831842,2.002765316663493,2.002765316663493,1.9860756056912974,2.0165097845229485,1.9998200735507528,1.9880391010997909,1.9664406516063613,1.956623174563893,1.9998200735507528,1.9978565781422593,1.945823949817178,2.04988920646734,2.0165097845229485,2.0145462891144548,1.9860756056912974,2.0184732799314418,1.9958930827337653,2.0174915322271953,1.9860756056912974,2.019455027635689,2.001822838867416
3250,1.9738868303478025,1.9874198448555735,1.9622871036268552,2.01158594219088,1.9738868303478025,2.000952859363345,2.0647513563285536,2.0183524494447656,2.019319093338178,1.940054294078374,1.980653337601688,2.0231856689118266,2.0173858055513536,1.9613204597334433,1.993219708216047,1.9990195715765209,2.0183524494447656,1.9709868986675658,2.0028861471501695,2.012552586084292,1.9787200498148636,2.000952859363345,2.040585258993247,2.015452517764529,1.9854865570687492,1.9632537475202676,1.9748534742412145,2.035752039526186,2.0734511513692637,2.003852791043582,2.0318854639525368,2.044451834566896,1.993219708216047,2.0647513563285536,2.014485873871117,1.9893531326423983,1.992253064322635,1.9980529276831085,1.9893531326423983,2.053151629607606,1.9738868303478025,1.9777534059214512,2.0222190250184147,1.9961196398962842,1.9893531326423983,2.032852107845949,1.9874198448555735,2.015452517764529,2.0260856005920633,2.0086860105106434,2.004104118455869
3300,1.993483338368796,2.0315632493213993,2.007763304976022,1.9972913294640564,2.005859309428392,1.9915793428211657,1.9725393873448642,1.9696833940234186,2.0115712960712826,1.9868193539520904,1.992531340594981,1.9630194096067133,2.0268032604523243,1.995387333916426,2.002051318333132,2.007763304976022,2.0277552582261396,1.9630194096067133,2.007763304976022,1.9896753472735356,2.005859309428392,2.0429872226071804,1.9639714073805281,2.044891218154811,1.9982433272378717,2.0201392760356187,2.0191872782618034,1.9877713517259055,2.003003316106947,2.0087153027498372,1.993483338368796,2.007763304976022,1.9858673561782751,1.9982433272378717,1.9811073673092,2.0382272337381053,1.9991953250116865,1.993483338368796,1.993483338368796,1.9325554808446301,2.0277552582261396,1.961115414059083,1.9982433272378717,1.9811073673092,1.9677793984757885,1.9877713517259055,2.0325152470952146,1.9753953806663094,1.9668274007019737,2.006811307202207,1.9973484493304852
3350,1.9965524655201998,1.9749833219283892,2.0246861310747355,2.0068681428901964,2.0059303540383784,2.0293750753338244,1.938409556707493,2.035001808444732,1.9768588996320249,2.0293750753338244,2.0003036209274714,2.0003036209274714,1.9731077442247535,1.9862367881502034,1.9852989992983856,1.9815478438911145,1.975921110780207,2.0031169874829247,1.972169955372936,1.9702943776693003,1.929031668189315,1.9956146766683822,2.0509442189256353,1.9665432222620285,1.9627920668547572,1.9834234215947502,1.9524763894847608,1.9928013101129287,1.984361210446568,1.9731077442247535,1.9965524655201998,1.9609164891511215,1.9449740786702183,1.9665432222620285,2.0040547763347427,2.059384318591996,1.9749833219283892,1.9440362898184005,2.0115570871492854,1.9740455330765714,2.0171838202601924,2.0621976851474493,2.0415663304074565,2.046255274666546,1.9974902543720177,2.0049925651865603,1.9768588996320249,1.989050154705657,1.9731077442247535,1.975921110780207,1.9915821846055652
3400,2.0420352248333655,1.9422434581899253,1.9579514214578742,2.018935278851088,1.9736593847258233,2.0133912918153407,1.990291345833063,2.000455322065265,1.9884433501544807,1.9782793739222786,2.030023252922581,2.0023033177438476,2.0096953004581763,2.0364912377976188,2.018935278851088,1.9976833285473918,1.9801273696008606,2.0364912377976188,2.034643242119037,1.9930633393509363,1.9995313242259742,1.9893673479937717,1.9736593847258233,1.9930633393509363,1.965343404172203,1.9995313242259742,1.9921393415116453,2.02909925508329,1.9736593847258233,2.0013793199045566,1.9967593307081009,2.0106192982974678,2.035567239958328,1.956103425779292,1.9828993631187342,1.9893673479937717,1.9949113350295187,1.990291345833063,2.015239287493923,2.016163285333214,1.9921393415116453,1.9644194063329117,1.9838233609580251,1.9385474668327607,2.014315289654632,1.9681153976900763,2.028175257243999,2.0050753112617206,1.9930633393509363,2.0087713026188854,1.9969256503191735
3450,1.9823904947434723,1.996960199803599,2.0006026260686305,2.0006026260686305,2.006976872032436,1.9833011013097301,2.0206359705263046,1.9596253305870246,2.0342950690201733,1.9623571502857984,1.9842117078759882,1.9851223144422463,1.9823904947434723,1.9878541341410199,1.9796586750446985,1.9896753472735356,1.9924071669723094,1.9468768386594137,1.988764740707278,1.996960199803599,1.996960199803599,2.011529904863725,2.0233677902250786,1.9924071669723094,1.9833011013097301,2.0233677902250786,2.0233677902250786,2.026099609923852,2.0297420361888836,1.966910183117088,1.9395919861293505,2.02701021649011,1.9951389866710834,1.9696420028158614,1.9623571502857984,1.9796586750446985,1.9714632159483774,1.9851223144422463,1.964178363418314,1.9942283801048253,1.9905859538397936,1.9905859538397936,2.0297420361888836,1.9996920195023726,1.9514298714907032,1.965088969984572,1.9896753472735356,1.9760162487796669,1.996960199803599,1.9951389866710834,1.9906405902337687
3500,2.0402400290313145,2.0007457213861857,2.0429328227343913,1.9926673402769544,1.9971553297820825,1.9998481234851597,1.9917697423759289,2.043830420635417,2.0285712563179805,2.001643319287211,1.998950525584134,2.0294688542190062,1.9827937633656723,1.970227392751313,1.9792033717615696,2.033059245823109,1.9962577318810573,2.022288071010801,2.0079265045943906,1.9567634242359284,2.0106192982974678,2.022288071010801,2.0213904731097756,2.024980864713878,1.9962577318810573,2.024980864713878,1.9962577318810573,2.0186976794066984,1.9603538158400309,1.963046609543108,2.006131308792339,2.0088241024954163,1.9908721444749031,1.9881793507718264,1.9648418053451593,1.9657394032461848,1.9531730326318255,1.9729201864543902,1.9998481234851597,1.957661022136954,2.048318410140545,1.983691361266698,1.9926673402769544,1.9863841549697752,1.9729201864543902,2.015107287802596,1.949582641027723,1.9881793507718264,2.0088241024954163,2.0393424311302883,1.9989684775421546
3550,2.0433626583489666,2.011504253974535,2.0336281459012238,1.9601768247046172,2.0070794755891974,1.9477874452256718,1.9796458496001035,2.019468855068143,2.0318582345470886,1.9982299188185217,1.9699113371523604,2.007964431266265,2.0132741653286703,2.011504253974535,2.021238766422278,1.9982299188185217,2.023008677776413,1.9946900961102518,2.0150440766828055,1.988495406370779,1.9814157609542384,2.015929032359873,2.023893633453481,2.023893633453481,2.034513101578291,1.9672564701211577,1.9946900961102518,2.0327431902241564,1.9761060268918331,1.992035229079049,2.0053095642350622,1.9849555836625086,1.9761060268918331,2.0132741653286703,1.9858405393395764,2.017698943714008,1.9734511598606308,2.037167968609494,1.9893803620478463,2.034513101578291,2.0442476140260344,2.004424608557995,2.0477874367343043,1.9716812485064954,1.9964600074643868,1.9876104506937113,2.023893633453481,1.9876104506937113,2.0053095642350622,1.9752210712147658,2.0036104493350924
3600,1.9722220547535922,2.0420352248333655,2.035053907825388,1.9818213656395611,1.995783999655516,2.012364627549462,2.0053833105414847,1.9538960976076518,1.976585377883578,2.067342498987283,1.9835666948915556,1.9879300180215413,1.9861846887695471,1.9888026826475387,2.0001473227855016,2.017600615305445,2.0053833105414847,2.025454596939419,2.012364627549462,2.0045106459154876,2.0210912738094335,1.9600047499896323,2.0053833105414847,1.9975293289075102,2.015855286053451,1.9818213656395611,1.9739673840055865,1.9992746581595044,2.0088739690454736,2.0018926520374962,1.9748400486315838,2.032435913947397,2.0053833105414847,1.9984019935335071,2.0167279506794475,2.00974663367147,1.9844393595175527,1.9888026826475387,2.0001473227855016,2.008001304419476,1.9922933411515271,2.0202186091834364,1.9879300180215413,1.9922933411515271,2.028945255443408,2.049016541841343,1.995783999655516,2.023709267687425,1.980948701013564,1.9748400486315838,2.0017006658197762
3650,1.9753301753393357,2.0338584768308716,2.0209478220900916,2.0071764570332595,1.9977086435566875,2.023529953038248,1.9977086435566875,1.9847979888159077,2.0192264014579875,1.9942658022924795,2.0028729054529992,2.0011514848208956,1.9813551475516997,2.0028729054529992,1.9873801197640637,2.0209478220900916,2.0140621395616756,2.0622619172605874,1.9925443816603756,2.005455036401156,1.9977086435566875,2.0209478220900916,2.0416048696753393,1.9994300641887917,1.9951265126085316,2.005455036401156,2.004594326085104,1.9718873340751277,1.9977086435566875,1.9753301753393357,2.0243906633542994,1.9925443816603756,1.9942658022924795,2.0011514848208956,1.952090996805932,2.0226692427221957,1.9925443816603756,2.0218085324061437,2.0200871117740395,1.9632802309146078,2.0088978776653637,2.0200871117740395,2.0088978776653637,2.0286942149345597,1.9701659134430238,1.952090996805932,1.9873801197640637,2.0020121951369476,1.9925443816603756,1.9727480443911798,2.001271984265143
3700,2.0208082474442453,1.9978831118639957,2.009770219201903,2.026751801113199,2.0029775864373844,2.0276008802087637,2.025902722017634,1.969014422614792,2.025053642922069,1.9766561344748752,2.06411128131805,2.013166535584162,2.0063739028196435,2.004675744628514,2.026751801113199,2.0165628519664214,1.9511837616079308,2.005524823724079,1.9825996881438288,1.9707125808059216,2.0377898293555416,2.0199591683486804,2.0165628519664214,2.0114683773930326,2.0106192982974678,1.9970340327684304,2.0165628519664214,1.9970340327684304,2.026751801113199,2.004675744628514,1.9893923209083473,2.0208082474442453,1.963070868945838,2.0021285073418196,1.9995812700551252,2.0012794282462547,1.9749579762837457,1.9809015299526993,1.9936377163861714,2.0012794282462547,1.9842978463349585,2.030148117495458,1.978354292666005,1.994486795481736,2.0564695694579673,1.9817506090482642,1.9995812700551252,2.004675744628514,2.0029775864373844,2.0547714112668376,2.00554180530599
3750,1.9846487990277921,1.9737579444953472,2.0014039598469378,1.969569154290561,1.9871620731506636,1.9787844927410911,2.014808088502254,1.9771089766591763,1.9871620731506636,2.0047549920107666,2.017321362625126,1.9829732829458773,2.018159120666083,1.9745957025363048,2.0014039598469378,1.9896753472735356,2.014808088502254,2.0072682661336385,1.9712446703724753,2.024023426952784,2.0550204744682032,2.018159120666083,2.026536701075656,2.0189968787070405,1.9972151696421512,2.0256989430346986,2.021510152829912,2.008106024174596,2.0106192982974678,1.9938641374783221,1.9854865570687492,1.9955396535602365,1.9687313962496038,2.0340765234442713,1.9385721067751416,2.057533748591075,2.015645846543211,1.9838110409868346,2.003079475928852,2.008106024174596,2.018159120666083,2.014808088502254,2.017321362625126,1.9955396535602365,2.012294814379382,1.9645426060448172,1.9980529276831085,1.9854865570687492,1.9461119291437574,1.9988906857240656,1.999963016016491
3800,2.001525214300234,2.013926237932825,1.9833370463057667,2.031287671018453,2.0122727681151464,2.0023519492090736,2.0478223691952415,2.0370748153803286,1.9808568415792487,1.9949113350295187,1.9899509255764822,1.9866439859411245,2.0436886946510446,1.9767231670350514,1.9651488783112996,1.9742429623085334,1.9734162273996938,2.00731235866211,2.018886647385862,2.023020321930059,1.9808568415792487,2.0147529728416647,1.9742429623085334,1.9742429623085334,2.0064856237532704,2.0023519492090736,1.989124190667643,2.0436886946510446,2.0006984793913944,2.009792563388628,2.018886647385862,1.9825103113969276,1.984163781214606,1.9610152037671023,2.0031786841179127,2.027153996474256,1.9882974557588033,2.028807466291935,2.0370748153803286,2.011446033206307,2.008139093570949,1.9634954084936207,2.0445154295598837,1.9758964321262118,1.971762757582015,1.9882974557588033,1.9742429623085334,1.9792033717615696,1.981683576488088,1.9725894924908545,1.999259960650014
3850,2.0277552582261396,1.9861393555422224,2.0171472830321995,2.0040913135627356,1.9910353440932715,1.9983793269198449,2.047339212430335,2.0457072162466523,2.008171304021943,2.0375472353282373,2.0489712086140184,2.005723309746419,1.9885873498177469,1.9714513898890753,2.017963281124041,1.9991953250116865,1.986955353634064,1.9494194414093546,1.9583954204196112,2.0122512944811506,2.002459317379053,2.016331284940358,2.0073553059301017,1.9698193937053925,2.0089873021137845,2.0342832429608713,2.014699288756675,1.9894033479095885,1.991851342185113,1.9983793269198449,2.013067292572992,2.013883290664834,2.0187792792158827,1.99021934600143,2.021227273491407,1.9910353440932715,2.013883290664834,2.0073553059301017,2.000011323103528,1.9681873975217095,1.9690033956135509,2.022043271583249,2.011435296389309,2.0040913135627356,2.002459317379053,1.962475410878819,1.9738993841645998,1.9730833860727586,1.9991953250116865,1.962475410878819,2.0010721206229225
3900,1.9977307130519708,2.0122303714531546,2.0130359080309983,2.002563932519032,2.025924493276495,2.021896810387277,2.022702346965121,1.980814444917257,2.002563932519032,2.0090082251417805,2.01786912749806,1.9904808838513792,1.9880642741178485,2.029146639587869,2.007397151986093,2.055729346656706,2.0452573711447397,1.9896753472735356,2.0210912738094335,1.9735646157166649,1.982425518072944,2.0251189566986514,1.980008908339413,2.0057860788304063,1.9904808838513792,2.014646981186685,1.9598704938933247,1.9993417862076581,2.0033694690968757,2.01786912749806,1.9953141033184403,2.014646981186685,2.042840761411209,2.0082026885639372,1.9848421278064745,2.0299521761657124,1.982425518072944,1.9840365912286306,1.9937030301627532,2.00659161540825,1.980814444917257,2.036396468788461,2.007397151986093,1.9880642741178485,2.0331743224770866,1.9961196398962842,2.0347853956327735,1.9928974935849098,2.0194802006537462,2.0267300298543383,2.0068816085762733
3950,1.986759100928431,2.0138006579466725,1.9772150219808167,2.048000274175625,2.0368655154034077,1.9875544408407322,1.997098519788347,2.0050519189113594,2.0058472588236604,1.9644895833839973,2.016186677683576,2.0138006579466725,1.9986891996129494,2.0312981360172992,1.9509688048748766,2.001870559262154,2.0026658991744553,1.9700569627701057,1.997098519788347,1.9915311404022384,2.0360701754911066,1.9835777412792261,2.0058472588236604,1.9986891996129494,2.0034612390867568,1.9780103618931177,2.0034612390867568,2.052772313649432,2.0138006579466725,2.046409594351022,1.9716476425947083,2.001870559262154,1.9811917215423227,1.986759100928431,2.013005318034371,1.9923264803145397,1.9756243421562143,2.0297074561926967,2.0312981360172992,2.0050519189113594,1.9724429825070093,1.9883497807530337,2.028116776368094,2.0169820175958773,1.9613082237347923,2.046409594351022,1.9764196820685156,2.0002798794375516,2.0177773575081788,2.0082332785605637,2.0024750175955033
4000,2.064026373408494,1.995696733192916,1.9854865570687492,2.031039650545801,2.011404696460865,1.9627100103302233,2.0224002707484297,1.9964821313563135,2.01297549278766,2.01297549278766,2.0035507148268907,1.9823449644151594,2.008263103807275,1.9901989460491338,1.9949113350295187,2.0098339001340704,2.0090485019706725,2.041249826669968,1.9807741680883644,1.9721347882909928,1.9776325754347746,1.9878427515589416,1.988628149722339,2.0333958450359937,2.0365374376895833,2.041249826669968,2.0004091221733007,2.0074777056438777,2.0302542523824036,1.9823449644151594,2.0004091221733007,2.0349666413627885,2.0373228358529807,2.0365374376895833,2.0074777056438777,1.9634954084936207,1.968993195637403,1.9650662048204155,1.9697785938008003,2.0263272615654166,1.9831303625785568,1.9925551405393263,1.987057353395544,1.9807741680883644,2.0224002707484297,1.9964821313563135,1.997267529519711,1.988628149722339,2.0074777056438777,1.9839157607419542,2.002466865361402
4050,2.0478529890066803,2.015273509636119,1.988123943493985,2.009067894517917,2.005965086958816,1.988123943493985,1.999759471840614,2.0400959701089274,1.9764884151473563,2.011395000187243,1.9873482416042099,2.008292192628142,2.009843596407692,1.996656664281513,1.988123943493985,1.996656664281513,1.9710585019189295,1.988123943493985,1.9920024529428615,1.9803669245962325,1.9826940302655582,2.0129464039667933,1.9772641170371315,1.981918328375783,2.0051893850690408,2.0106192982974678,1.9532173584540986,1.9671799924700533,1.9850211359348842,2.0020865775099397,2.012170702077018,2.0020865775099397,1.9982080680610634,1.9501145508949973,1.999759471840614,1.996656664281513,2.0315632493213993,1.9982080680610634,2.004413683179265,2.0183763171952203,1.9477874452256718,1.990451049163311,2.0075164907383667,1.9842454340451088,1.9757127132575811,1.9570958679029749,2.004413683179265,1.9896753472735356,2.0214791247543213,1.9539930603438735,1.9944536709145513
4100,1.9891645191997813,1.971540950655253,1.998359424527361,1.9838008244253595,1.998359424527361,1.9891645191997813,2.022879172067574,1.9531511400000934,2.025944140510101,2.022879172067574,2.0021906350805194,1.996060698195466,2.0113855404080994,1.9700084664339899,2.013684266739994,1.9883982770891495,2.0006581508592562,1.9822683402040964,1.9975931824167295,1.95621610844262,1.9792033717615696,2.029009108952627,1.9723071927658848,1.9700084664339899,2.0067880877443094,1.9684759822127265,1.973839676987148,2.009853056186836,1.9860995507572545,1.9799696138722014,1.9860995507572545,1.9868657928678863,1.9860995507572545,2.0190479615144157,2.042801466943997,2.0236454141782056,2.0175154772931525,2.0397364985014708,2.004489361412414,2.002956877191151,2.0144505088506257,1.976138403319043,2.0113855404080994,1.9799696138722014,1.9945282139742029,2.0328403195057856,2.025944140510101,1.9723071927658848,2.0067880877443094,1.989930761310413,1.9972560358880513
4150,2.0189464113551754,2.0091052777415204,1.9954790927379986,2.0204604319111223,2.0212174421890956,2.0295445552468037,2.006077236629627,2.006077236629627,2.014404349687335,1.9826099180124503,2.009862288019494,2.044684760806273,1.9659556918970345,1.9863949694023173,2.033329606636671,2.0053202263516536,2.022731462745043,2.0007781646838128,2.018189401077202,2.0022921852397597,1.985637959124344,1.9954790927379986,2.006077236629627,2.0325725963586976,2.0000211544058395,2.015161359965308,1.9985071338498925,1.9667127021750077,1.9629276507851408,1.9826099180124503,1.999264144127866,2.0053202263516536,2.0257595038569365,2.0000211544058395,2.031815586080724,1.9863949694023173,2.015161359965308,2.0091052777415204,1.951572496615539,2.0212174421890956,2.0189464113551754,1.9916940413481317,2.011376308575441,2.0265165141349097,1.9969931132939458,2.0325725963586976,2.033329606636671,1.9939650721820519,1.9606566199512205,1.9871519796802908,2.004760038745953
4200,1.9567634242359284,1.9732193857547318,2.0083753035449035,1.976211378758151,2.0203432755585786,1.9874313525209715,1.9799513700124245,1.994163336778664,2.0210912738094335,1.9866833542701168,2.0263272615654166,1.9919193420260999,2.0121152947991767,2.0345552423248185,1.993415338527809,2.0113672965483222,1.9664874014970395,2.033059245823109,1.9784553735107149,1.9904233455243903,2.007627305294049,2.0031393157889203,2.001643319287211,2.0083753035449035,2.0285712563179805,2.048019210840203,2.0031393157889203,1.9784553735107149,2.022587270311143,2.0083753035449035,2.006879307043194,2.0001473227855016,2.039791230080801,2.023335268561998,2.0300672528196904,1.976211378758151,1.9732193857547318,2.0001473227855016,2.0106192982974678,2.014359289551741,2.009871300046613,1.9724713875038773,2.0345552423248185,2.0360512388265275,2.0128632930500316,2.006131308792339,1.9560154259850735,2.014359289551741,1.962747410242766,1.9904233455243903,2.002451157398134
4250,2.03427364298332,2.0106192982974678,1.9758769795401216,1.961093014111464,1.9958353328688097,2.015054487926065,1.9965745311402427,1.981051367440152,2.0468400135976794,1.986225755340182,2.0024881173117057,2.0106192982974678,2.0172720827403636,1.9780945743544205,1.947048246954239,2.035752039526186,1.9780945743544205,1.9928785397830782,1.9840081605258835,1.9854865570687492,2.0313168498975887,2.015054487926065,2.004705712126005,2.004705712126005,2.028360056811857,1.9914001432402124,1.9884433501544807,1.9514834365828364,1.981051367440152,2.042404823969082,1.9899217466973467,2.015054487926065,2.0135760913831993,1.9714417899115244,2.014315289654632,2.0039665138545715,2.0379696343404845,2.006923306940303,1.9537010313971348,1.9817905657115846,1.995096134597377,1.9707025916400913,2.009140901754602,2.024664065454693,2.014315289654632,1.9633106089257624,2.0098801000260345,1.9980529276831085,1.9958353328688097,1.9965745311402427,1.99880690991997
4300,1.9404814157987185,2.009888695354772,2.0003908570997333,1.9828563864750464,2.0128111071255534,2.028153768922155,2.0259619600940693,1.9989296512143429,2.0171947247817252,2.031076180692936,1.9697055335065308,2.0003908570997333,2.009888695354772,2.033267989521022,1.9916236217873897,2.00404387181321,1.9996602541570383,2.0033132688705146,2.0376516071771937,2.0303455777502406,2.0025826659278194,1.9879706070739134,2.004774474755905,2.066875724885006,1.9879706070739134,2.033998592463717,2.023770151265983,1.9974684453289522,2.00404387181321,1.9960072394435617,2.00404387181321,2.023770151265983,1.990162415901999,2.0135417100682487,1.9572852834807106,1.9952766365008663,1.9799339747042652,1.994546033558171,2.043496430718756,1.9762809599907885,1.9996602541570383,2.0413046218906703,2.0003908570997333,1.994546033558171,2.009158092412077,1.9602076952514917,1.9638607099649683,1.9529016658245388,1.9616689011368826,1.9697055335065308,2.0012968047486757
4350,2.033007659736843,2.007008272258859,1.9708980118727688,2.0214523764132943,1.985342116027205,1.9903975524812576,2.012785913920633,2.0091748878820237,1.9759534483268215,2.0257856076596252,1.9622315493801075,1.999064014973919,2.0135081191283546,2.0171191451669634,2.0517849951376097,1.9867865264426483,1.9925641681044226,1.9723424222882127,1.9875087316503701,1.964398165003273,1.9932863733121446,1.9860643212349267,2.0156747347515203,2.022896786828738,2.025063402451903,2.0279522232827905,2.0041194514279717,1.9875087316503701,2.060451457630271,2.0532294055530533,2.0265078128673473,1.9680091910418818,2.0351742753600086,2.0113415035051894,2.0033972462202496,1.9925641681044226,1.9867865264426483,1.9759534483268215,2.0387853013986175,1.9759534483268215,2.0322854545291213,1.9882309368580922,2.0207301712055727,1.991841962896701,2.007008272258859,1.9788422691577086,2.0171191451669634,2.008452682674302,1.974509037911378,1.996175194143032,2.0037005724074928
4400,2.0199012765921647,2.020615274922526,1.9834873617437374,1.9927693400384345,1.9813453667526537,1.9742053834490405,2.0277552582261396,1.9891993483866282,1.986343355065183,2.007049306645661,2.0106192982974678,1.9763473784401246,1.9763473784401246,1.9949113350295187,1.9727773867883178,1.9777753751008469,2.0348952415297523,1.9299374869666386,2.007049306645661,2.011333296627829,2.007763304976022,2.015617286609997,1.987057353395544,1.971349390127595,1.9834873617437374,2.0134752916189127,2.002765316663493,2.0120472949581902,2.004907311654577,1.9720633884579564,1.9991953250116865,1.9949113350295187,2.004907311654577,1.9842013600740989,2.0149032882796356,1.9842013600740989,2.0556011931102303,2.020615274922526,1.962067411832898,1.9842013600740989,1.9634954084936207,2.0234712682439713,2.004193313324216,1.9649234051543434,1.9570694235203687,2.0106192982974678,2.0184732799314418,1.9827733634133762,2.0063353083153,1.9770613767704857,1.9951683744284485
4450,2.012737225929101,1.9936758772443992,1.9950878289988216,2.0092073465430453,2.0106192982974678,1.971084649173641,1.985910142595076,2.0021475877709336,1.9696726974192187,2.0219149123328464,2.0176790570695795,1.978850383822964,1.9682607456647963,1.9400217105763484,1.9936758772443992,1.9972057566304549,1.9887340461039207,1.985910142595076,2.0063834430342005,1.97037867329643,2.001441611893722,2.0106192982974678,1.9280201206637586,2.008501370665834,2.0106192982974678,1.9979117325076663,1.9717906250508523,2.008501370665834,1.974614528559697,1.9696726974192187,2.0070894189114115,2.008501370665834,2.0148551535607346,1.9830862390862314,1.979556359700175,2.0042655154025666,2.0042655154025666,2.023326864087269,2.0070894189114115,1.978850383822964,2.0028535636481446,2.038858333385915,2.01203125005189,1.975320504436908,1.9837922149634424,1.981674287331809,2.0113252741746788,2.031798574613803,1.985910142595076,1.9435515899624045,1.9935770406215894
4500,2.007128639793479,2.006430508092681,2.0078267714942766,1.9945622691791196,1.9903734789743333,1.9959585325807152,2.0238838006126247,1.9952604008799173,2.0155062202030516,1.965240737745615,1.9764108449583786,1.9896753472735356,1.939409864816099,1.9896753472735356,1.9708257913519969,2.004336112990288,1.95756128903684,1.9945622691791196,1.9840902936671538,1.9589575524384353,2.017600615305445,1.9959585325807152,1.9959585325807152,1.9896753472735356,1.9910716106751312,2.017600615305445,1.9526743671312559,2.012713693399861,2.0022417178878946,1.999449191084704,1.9854865570687492,1.996656664281513,1.9736183181551878,2.0113174299982655,1.9938641374783221,2.028072590817411,1.9729201864543902,2.0106192982974678,1.9980529276831085,2.032959512722995,1.9959585325807152,2.0106192982974678,1.981297766863963,2.0266763274158155,1.9903734789743333,1.9708257913519969,2.009223034895872,1.9743164498559855,1.9638444743440193,1.996656664281513,1.9933195947516997
4550,1.9857627410382954,1.9678107830177824,2.009928838373602,2.0368567754043716,1.9857627410382954,2.0064765387542725,2.03202355593731,1.9843818211905637,2.0347853956327735,1.9975005597440156,2.0126906780690654,1.9602157238552578,2.004405158982675,1.9892150406576248,2.016142977688395,1.982310441418966,2.0223571170031875,1.9912864204292227,2.0230475769270537,1.988524580733759,2.0120002181451992,1.99681009982015,2.014762057840663,2.0002623994394795,1.9919768803530884,1.977477221951905,1.995429179972418,1.977477221951905,1.9843818211905637,1.994738720048552,1.988524580733759,2.0237380368509195,1.9830009013428322,2.0347853956327735,2.019595277307724,2.007166998678138,2.014762057840663,2.003024239134943,1.9747153822564414,2.0299521761657124,1.9740249223325754,2.0168334376122607,1.9940482601246863,2.0168334376122607,2.027190336470249,2.0299521761657124,1.970572622713246,2.0423804547952984,1.9650489433223188,1.9671203230939167,2.001201424935937
4600,2.000374974427066,2.0201806672431757,1.9751056422134088,2.00515565889992,2.0311079460382704,2.0037897490505334,1.9662272281923945,2.001740884276453,2.008570433523387,1.9593976789454604,1.9976431547282925,2.012668163071548,1.9921795153307449,2.0372545403605113,2.0010579293517594,2.0317909009629638,1.9730567774393288,1.9614465437195403,2.0078874785986938,1.9785204168368762,2.0153999827703215,2.0092533884480805,2.018814757393789,1.9949113350295187,1.9764715520627958,2.001740884276453,1.9819351914603436,2.011302253222161,1.9894476956319713,1.9792033717615696,2.0235954418666426,2.001740884276453,1.9805692816109566,2.018814757393789,2.016082937695015,2.022229532017256,2.017448847544402,1.987398830857891,2.0153999827703215,2.022229532017256,1.9880817857825843,2.052279548703767,2.018814757393789,1.9853499660838105,2.0099363433727744,1.9464215353762848,1.9983261096529856,2.0215465770925625,2.0194977123184823,2.0078874785986938,2.001945770753861
4650,2.020077856824405,2.026833970057931,1.9937290152136515,1.9889997359501832,2.0072412416807044,1.9761631208064827,2.015348577560936,2.0099436869741147,1.9565703924292561,2.0011607397705307,1.980892400069951,1.9538679471358456,2.0139973549142307,1.964002116986135,1.9944046265370043,1.9876485133034778,1.986972901980125,2.0106192982974678,1.9903509585968884,2.0221046907944626,1.9896753472735356,1.9727850641897196,1.9788655660998933,2.027509581381284,1.9754875094831301,2.0335900832914575,2.013321743590878,2.028860804027989,1.9883241246268304,1.9815680113933039,1.9930534038902987,2.0349413059381627,1.996431460507062,1.997107071830415,2.026158358734578,2.005890019033999,2.0315632493213993,2.0018363510938832,1.9937290152136515,2.003863185063941,1.9944046265370043,1.9991339058004727,2.019402245501052,2.028860804027989,1.9957558491837093,2.005890019033999,2.027509581381284,1.9619752830160773,2.011970520944173,2.0166998002076415,2.0007418607500522
4700,1.9885613073254542,2.019977233861352,1.9611559246026495,1.9738559800107787,1.9999245147958855,1.9745244039796275,2.0346825611760275,1.9685085882599875,1.9698454361976852,2.0386931049891213,2.0226509297367476,1.9865560354189076,1.996582394951641,2.019977233861352,1.9725191320730806,1.9604875006338007,2.00928245035977,2.025993049580992,2.0253246256121433,1.99123500320085,1.9979192428893386,1.9584822287272539,1.9979192428893386,1.996582394951641,2.007277178453223,2.00928245035977,2.001261362733583,1.9745244039796275,1.9932402751073963,2.020645657830201,2.026661473549841,2.0179719619548053,1.9865560354189076,2.004603482577828,2.0186403859236544,1.9852191874812095,2.0099508743286187,2.0293351694252366,1.9691770122288363,1.9725191320730806,1.9932402751073963,1.9872244593877564,1.983213915574663,1.975861251917325,1.9865560354189076,2.0233193537055967,2.0246562016432943,2.0106192982974678,2.00928245035977,1.996582394951641,1.9981732439975013
4750,2.005328194880895,1.9682904709648894,1.9947459880477507,2.005328194880895,1.9795340657251055,2.029138160255471,1.9940846001206791,1.9649835313295316,1.9881321087770354,2.0099579103703964,2.008635134516253,2.006650970735038,2.0046668069538236,2.0092965224433246,1.9623379796212455,1.9768885140168193,1.9583696520588163,2.002682643172609,1.957046876204673,1.9940846001206791,2.005328194880895,1.9524171607151724,2.0218628930576834,1.9934232121936077,1.9861479449958206,2.00731235866211,2.0205401172035407,2.0264926085471844,2.005989582807967,1.99011627255825,2.014587625859897,2.032445099890828,2.0132648500057537,2.0264926085471844,2.000037091464323,2.005328194880895,1.9788726777980339,2.0126034620786823,2.00731235866211,2.001359867318466,1.9782112898709623,1.9656449192566035,2.0205401172035407,2.0278153844013276,1.962999367548317,2.006650970735038,1.9808568415792487,2.0126034620786823,1.9848251691416778,1.9907776604853213,1.9970608457925008
4800,1.998838325846506,2.0426897233028636,2.0413807263638675,1.9706948916580973,1.9634954084936207,1.9942568365600206,2.0138917906449567,2.045307717180855,2.055125194223323,1.95760492226814,1.9792033717615696,1.9733128855360889,1.9648044054326164,1.9962203319685143,2.0145462891144548,2.0138917906449567,2.008001304419476,1.998838325846506,1.9857483564565483,2.01912777840094,1.9837848610480548,2.04988920646734,2.0184732799314418,2.043344221772361,1.9981838273770078,2.0230547692179273,1.9903298457430336,2.0066923074804803,1.9687313962496038,1.9654589039021142,2.0138917906449567,1.9654589039021142,1.9844393595175527,1.98836635033454,2.0204367753399355,1.976585377883578,2.0053833105414847,2.0060378090109827,2.0230547692179273,1.9844393595175527,2.0014563197244972,2.023709267687425,2.0008018212549996,1.987057353395544,1.9968748304380122,1.9818213656395611,2.0184732799314418,2.0276362585044123,2.0008018212549996,1.98836635033454,2.0016003093877868
4850,1.9814705004806552,1.9950732727951674,2.0041417876715095,1.9879480111066135,1.997016525982955,2.0112670493600633,2.0229265684867883,2.000255281295934,2.0041417876715095,1.9808227494180592,2.009971547234872,2.012562551485255,1.982118251543251,2.022278817424193,2.017744559986022,2.0294040791127466,2.03199508336313,2.0112670493600633,2.005437289796701,1.9672199771035466,1.9879480111066135,1.9698109813539302,1.98535700685623,1.974992989854697,1.963333470727972,2.0041417876715095,1.9873002600440175,2.03199508336313,1.9873002600440175,1.9866525089814215,1.9911867664195928,2.0145058046730426,2.004789538734105,2.020983315299001,2.00090303235853,1.994425521732572,1.978231745167676,2.028756328050151,2.0300518301753425,1.997664277045551,2.0041417876715095,1.9529694537264384,1.9873002600440175,2.00090303235853,1.9989597791707425,2.0300518301753425,1.993777770669976,2.0138580536104467,2.0158013067982345,2.0235743195493843,2.0007346170822555
4900,2.0362649526124863,2.0157484291604715,2.0202364186655997,1.9811267958351961,1.9945907643505807,2.0157484291604715,1.9965141884242072,2.0298535390337316,2.001643319287211,2.011901581013219,2.0131838637289694,2.0465232143384937,1.9971553297820825,2.0022844606450865,2.0343415285388597,2.026647832244354,1.997796471139958,1.9856147853403245,1.9862559266981998,2.0343415285388597,2.0375472353282373,2.0433175075491166,2.0112604396553433,1.9920261989190793,2.001643319287211,1.9670216859619356,2.015107287802596,1.9926673402769544,1.9766388063300677,1.9952319057084562,1.9952319057084562,1.9734330995406903,2.015107287802596,1.982409078550947,1.997796471139958,2.001643319287211,1.9926673402769544,2.0433175075491166,2.033059245823109,1.9913850575612038,1.9920261989190793,1.9638159791725582,2.067039737790509,1.971509675467064,2.0054901674344636,2.004207884718713,1.9939496229927052,1.9920261989190793,2.00741359150809,2.035623811254611,2.00638776533549
4950,1.9972913294640564,2.011253963480011,2.003003316106947,1.993483338368796,1.9947526687338828,1.949691440773302,2.023947267130879,2.044891218154811,1.9865020213608187,2.0169659501229016,1.9909446776386224,1.9877713517259055,1.9814246999004714,2.0302939189563127,1.977616708805211,2.0093499679323807,2.00173398574186,1.969366061432147,2.0055419768371205,2.0296592537737697,1.9782513739877543,2.0201392760356187,1.993483338368796,2.0315632493213993,2.029024588591226,2.0036379812894904,1.979520704352841,2.004907311654577,2.017600615305445,1.9972913294640564,2.025851262678509,2.0169659501229016,1.983963360630645,2.0137926242101845,1.9788860391702978,1.9947526687338828,2.0106192982974678,1.9896753472735356,1.9903100124560789,1.9826940302655582,1.9947526687338828,1.979520704352841,1.9858673561782751,2.0201392760356187,2.003003316106947,1.989040682090992,2.0004646553767733,2.0093499679323807,2.0004646553767733,2.011253963480011,2.0008454544862992
5000,1.9854865570687492,2.0213007133196728,1.9842299200073135,1.9766900976386979,1.9999378832752626,1.9955396535602365,1.9930263794373646,1.9999378832752626,2.0106192982974678,1.9942830164988008,1.9823449644151594,1.986114875599467,1.9804600088230055,1.9716635493929544,1.97606177910798,2.005592750051724,1.9898847867837748,2.0118759353589035,1.993654697968083,2.0118759353589035,1.9609821343707488,1.9993095647445442,2.003079475928852,1.962238771432185,2.0118759353589035,2.0005662018059804,1.9848582385380313,2.0093626612360316,2.012504253889621,1.9980529276831085,2.0169024836046474,2.033238765403314,1.9999378832752626,1.9923980609066467,1.974176823515826,2.0294688542190062,1.9697785938008003,1.9879998311916212,2.0062210685824415,1.9917697423759289,1.9804600088230055,2.020672394788955,1.9993095647445442,2.00370779445957,1.9766900976386979,2.038265313649058,2.0062210685824415,2.002451157398134,2.0162741650739293,1.9836016014765951,1.9968591224747443
